"","X","log2FoldChange","AveExpr","t","pvalue","padj","B"
"1","IGHG4",5.784923771,4.251091233,9.418941845,3.84e-08,0.000302,8.94
"2","TSHZ2",1.604813459,4.711254296,9.307954452,4.55e-08,0.000302096,8.826096058
"3","PDGFD",2.266042752,3.434459898,9.264585614,4.87e-08,0.000302,8.56
"4","IGHV3-66",3.280238187,1.428876102,8.84893256,9.33e-08,0.000398514,7.066578161
"5","IGHV3-23",2.838552303,5.192896794,8.763068303,1.07e-07,0.000399,8.04
"6","IGHJ5",3.785622243,1.858060583,8.534369241,1.55e-07,0.00048,6.93
"7","IGHV5-51",3.243490755,3.794017523,8.17968145,2.78e-07,0.000695,7.05
"8","IGHV3-49",3.22346598,2.263671226,8.124015048,3.05e-07,0.00069497,6.561972886
"9","IGHG2",4.428660565,6.209874696,8.067082152,3.36e-07,0.000695,6.94
"10","IGLC1",3.577420704,6.253754221,7.889955438,4.54e-07,0.00084506,6.65114189
"11","SFRP2",3.409360192,5.229569612,7.75523228,5.72e-07,0.000945,6.43
"12","IGHV1-46",3.704232874,2.456333596,7.719268264,6.09e-07,0.000944734,6.045599256
"13","IGHV4-59",3.243123592,4.661574294,7.494039788,9.03e-07,0.001120481,5.985606661
"14","IGLV2-8",3.233272972,3.507285136,7.450913001,9.74e-07,0.001120481,5.854378514
"15","ITM2C",1.148582984,4.743586954,7.405558812,1.06e-06,0.00112,5.84
"16","IGHG1",4.489331906,8.852581499,7.395252192,1.08e-06,0.00112,5.78
"17","IGHV4-39",3.481022973,4.313620585,7.390887368,1.08e-06,0.001120481,5.8056723
"18","DIO2",2.44702857,3.548360445,7.329775389,1.21e-06,0.00118,5.66
"19","IGKV1D-39",3.793115843,5.389335988,7.190359242,1.55e-06,0.001443787,5.461251871
"20","IGKC",3.727825116,9.619932216,7.15069185,1.67e-06,0.00148,5.35
"21","CRABP2",3.1266237,1.837500317,6.973074882,2.3e-06,0.001804418,4.72603144
"22","IGHV1-69-2",4.85521049,3.641119434,6.967457632,2.33e-06,0.001804418,5.054442961
"23","IGHV2-5",3.335376969,3.253340903,6.937957407,2.46e-06,0.001828618,4.970243992
"24","IGKV1-5",3.619293618,5.053254511,6.830513822,2.99e-06,0.00214,4.82
"25","CD27",1.264893479,2.621888129,6.736341355,3.57e-06,0.0023115,4.53759992
"26","IGLV2-11",2.972619106,3.728264577,6.731228386,3.6e-06,0.0023115,4.646829757
"27","IGKV3-15",3.232058624,4.434739866,6.587694136,4.71e-06,0.00292,4.39
"28","IGLL5",3.254123384,4.894862319,6.470848226,5.88e-06,0.003531042,4.16878127
"29","PAPPA",1.755344701,5.060380457,6.443726279,6.19e-06,0.003544987,4.115509887
"30","COL14A1",2.118566799,7.229656741,6.435932365,6.28e-06,0.00354,4.11
"31","IGLV1-47",3.215215206,3.059558823,6.418105987,6.5e-06,0.00356,4.05
"32","COMP",2.894952084,2.569411465,6.384298855,6.94e-06,0.003688726,3.933498217
"33","IGHV3-7",2.95456224,4.159946326,6.365770605,7.19e-06,0.00372,3.99
"34","FAM46C",1.264261364,6.122136984,6.327686918,7.73e-06,0.00379,3.89
"35","AC159540.14",1.231901946,2.735048896,6.301568506,8.13e-06,0.003879804,3.812850079
"36","BHLHE22",1.893683308,1.459451551,6.221495534,9.49e-06,0.00435,3.43
"37","PAMR1",1.525347606,3.393169576,6.196173187,9.96e-06,0.004415926,3.675349584
"38","IGLC2",3.345385294,7.97709657,6.171714475,1.04e-05,0.004522823,3.630087744
"39","IGKV1-9",3.381679268,2.658730748,6.135324148,1.12e-05,0.004638629,3.511726861
"40","IGLV1-40",2.991096461,3.203619587,6.08079219,1.25e-05,0.005046959,3.457483715
"41","CFH",1.638312341,7.910336339,6.050550894,1.32e-05,0.00524,3.4
"42","LRRN1",1.669669584,2.963241717,6.02908326,1.38e-05,0.005351804,3.34968465
"43","IGHV3-74",2.378423506,3.127532344,6.016914023,1.41e-05,0.00536,3.34
"44","IGHJ4",4.274361366,1.909916226,5.99741091,1.47e-05,0.00536,3.16
"45","IGLV2-14",3.196782717,4.915699048,5.992270153,1.48e-05,0.005361544,3.26509365
"46","IGHV3-43",2.894627741,1.411997293,5.980810708,1.52e-05,0.00536,3.02
"47","MMP7",3.427154364,4.614306097,5.970754396,1.55e-05,0.005361544,3.233256902
"48","IGKV3D-20",3.530344284,0.954738774,5.968209381,1.56e-05,0.005361544,2.862787577
"49","IGKV1-33",3.495905122,4.316080053,5.949231133,1.61e-05,0.005374973,3.203059579
"50","IGHM",2.493339984,7.067229891,5.922031428,1.7e-05,0.005374973,3.139604195
"51","PTCHD4",1.816690463,2.755981134,5.902048161,1.77e-05,0.00542064,3.103896223
"52","IGKV3-20",3.135281504,5.754039742,5.845254533,1.98e-05,0.005954625,2.968492932
"53","ISM1",1.736263959,2.70107046,5.815594806,2.1e-05,0.0061,2.94
"54","IGLV6-57",3.167378054,2.349407393,5.815189568,2.11e-05,0.006101412,2.907189173
"55","CD79A",2.564274532,2.029603372,5.805643672,2.15e-05,0.006101412,2.847961576
"56","IGKV4-1",3.238922771,4.940485568,5.776271964,2.27e-05,0.00632,2.85
"57","CXCL14",3.24232351,3.41352316,5.741002096,2.44e-05,0.00668,2.83
"58","IGKJ2",3.101216861,-0.336725281,5.716782737,2.56e-05,0.00691,1.95
"59","IGHJ3",3.93539002,-0.006916534,5.65014433,2.93e-05,0.007452936,2.00498765
"60","SULF1",1.691030208,5.755988175,5.604206361,3.21e-05,0.00749,2.49
"61","IGLV2-23",3.829944578,4.016802545,5.600699962,3.23e-05,0.00749,2.54
"62","IGHV3-13",2.804128312,0.584493379,5.566203927,3.47e-05,0.007851332,2.097850565
"63","ASPN",2.000867557,4.609369701,5.561602024,3.5e-05,0.00785,2.44
"64","IGKV1-17",3.287677758,2.758087554,5.554299358,3.55e-05,0.00787325,2.464808962
"65","IGHA1",2.80342152,8.759872906,5.531956635,3.72e-05,0.00799,2.42
"66","FOLR2",1.222055982,4.338970847,5.526687405,3.76e-05,0.007993534,2.382043953
"67","IGLV3-21",2.746117073,4.366918081,5.514819346,3.85e-05,0.00799,2.36
"68","IGLV3-19",3.079772512,4.246220111,5.510740301,3.88e-05,0.00799,2.36
"69","RGS1",1.947705991,6.457800279,5.505889785,3.92e-05,0.00799,2.31
"70","IGLV3-9",2.487911868,1.590458566,5.497981646,3.98e-05,0.007993534,2.238860904
"71","FHL2",1.431107057,4.291363433,5.485418405,4.08e-05,0.00808958,2.3032703
"72","IGHV4-55",3.476759981,0.69606752,5.47780332,4.15e-05,0.008129199,1.990682267
"73","FNDC1",3.016941283,2.366389478,5.458086251,4.32e-05,0.00825,2.26
"74","IGLV1-51",2.799071328,3.583100504,5.434591549,4.53e-05,0.00833,2.24
"75","IGKV2-30",2.615393527,3.043344779,5.431112007,4.56e-05,0.00833,2.24
"76","IL1RN",1.776545137,3.969045935,5.431012141,4.56e-05,0.008327506,2.213955595
"77","KCNN4",1.465255903,2.869024353,5.369113406,5.18e-05,0.00927,2.12
"78","IGHV1-18",3.117934796,4.248970801,5.340972768,5.48e-05,0.009631433,2.019546059
"79","IGHV3-21",3.418334029,3.701305182,5.335340914,5.55e-05,0.009651194,2.040011729
"80","PCSK1N",2.236646151,1.065517374,5.321311426,5.71e-05,0.00965,1.83
"81","IGHV1-24",3.691559718,2.386274424,5.316474708,5.77e-05,0.00965,2
"82","IGLV3-10",2.929848215,1.930370599,5.31311288,5.81e-05,0.00965,1.96
"83","DERL3",1.645677978,2.862207921,5.290342776,6.08e-05,0.01,1.97
"84","CH17-60O17.7",4.583664912,0.654838172,5.285103844,6.15e-05,0.01,1.66
"85","HS6ST2",2.255021487,1.841629573,5.269216323,6.35e-05,0.0101,1.87
"86","NHS",1.137387084,3.632653979,5.264469181,6.42e-05,0.010064933,1.904100528
"87","PIM2",1.495242678,5.08151724,5.262911395,6.44e-05,0.010064933,1.822495152
"88","IGKV3-11",3.24178404,4.628341655,5.243551352,6.7e-05,0.0103,1.8
"89","OGN",1.51642268,4.668529383,5.214174795,7.12e-05,0.010685063,1.741473158
"90","IGHV6-1",2.883015424,1.390930182,5.186727822,7.53e-05,0.011128047,1.656545553
"91","PCDH7",1.395775617,4.91083206,5.164383894,7.89e-05,0.0113,1.63
"92","IGHV3-15",2.738026107,2.773741571,5.164322784,7.89e-05,0.0113,1.73
"93","IGHV1-58",3.122895692,0.027548363,5.145284507,8.21e-05,0.0116,1.25
"94","BOC",1.098138701,4.453392828,5.106379317,8.9e-05,0.012256745,1.536200746
"95","IGHV2-70",3.84156986,1.915124823,5.092201563,9.16e-05,0.012448868,1.5490053
"96","SMOC2",1.333972193,3.992595839,5.031685347,0.000103904,0.013340376,1.41749575
"97","IGHV1-2",3.779462682,3.199199499,5.031667243,0.000103908,0.013340376,1.464719639
"98","COL17A1",2.592426423,3.878889718,5.000240209,0.000110945,0.013677843,1.362496393
"99","CXCL12",1.240899839,5.56104457,4.980336764,0.000115653,0.014042186,1.237286814
"100","IGLC3",2.848318269,6.640957797,4.980098589,0.00011571,0.014,1.25
"101","IGKV1-16",3.379114071,2.184397747,4.961698537,0.000120246,0.014349384,1.323032268
"102","SSC5D",1.747670948,3.89426632,4.94722631,0.000123942,0.014693327,1.254512741
"103","IGLV1-44",3.304481748,3.244533085,4.942049939,0.000125292,0.014693327,1.285930529
"104","TNFRSF21",1.054992384,5.701467338,4.923132469,0.000130354,0.0151,1.12
"105","IGHG3",3.151322944,6.066411335,4.884957968,0.000141217,0.0159,1.04
"106","SNAP25",1.944936168,1.317382498,4.855467703,0.00015024,0.016397869,1.051615346
"107","IGKV1-6",2.622882768,1.32809479,4.844834588,0.000153636,0.016532291,1.033728037
"108","MFSD1P1",1.496743122,0.865296738,4.841488502,0.000154721,0.0166,0.955
"109","PRDM1",1.165316686,5.082392421,4.820451978,0.000161723,0.016913678,0.919385836
"110","PDE7B",1.195404389,3.671080275,4.807219045,0.000166293,0.017198373,0.988952089
"111","ZMAT3",1.11997723,5.492791876,4.792399501,0.000171567,0.017296073,0.85099126
"112","IGHV3-30",3.18061107,4.44079375,4.792281878,0.00017161,0.0173,0.897
"113","RUNX2",1.124512157,3.850905893,4.783526454,0.000174807,0.0173,0.926
"114","ALDH1A3",2.076238473,5.788696267,4.780607486,0.000175887,0.017296073,0.825017448
"115","PDLIM4",1.997460774,3.270566496,4.778866535,0.000176534,0.0173,0.96
"116","RNF150",1.042831084,3.705453477,4.776883401,0.000177273,0.017296073,0.924833923
"117","IGKV1-39",4.302877117,-0.127217452,4.77118151,0.000179419,0.017296073,0.601933232
"118","IL2RA",1.989113202,3.372694509,4.769950107,0.000179885,0.017296073,0.935527768
"119","SKAP1",1.084878329,2.250990365,4.766540403,0.000181184,0.0173,0.954
"120","IGHV4-28",2.387766923,0.362865302,4.765868685,0.000181441,0.017296073,0.719529199
"121","BCL11B",1.203333004,3.403236536,4.764769538,0.000181863,0.0173,0.923
"122","IGKV1D-8",2.420188703,-0.08778738,4.746563223,0.00018899,0.0174,0.573
"123","CD3E",1.227311508,2.589062874,4.74593369,0.000189241,0.01740824,0.917123186
"124","IGHV3-48",2.656951277,2.541361113,4.726215002,0.000197293,0.0174,0.879
"125","CDH3",1.992986225,4.656143881,4.691899102,0.000212149,0.018111337,0.675268738
"126","CBLN4",1.801530841,0.921313549,4.690115675,0.000212952,0.018111337,0.697162779
"127","ANKRD36BP2",1.320026254,5.261391057,4.68908664,0.000213416,0.0181,0.642
"128","IGLV1-36",2.626300971,-0.094928111,4.6814891,0.000216878,0.01819415,0.46569305
"129","IRF4",1.056569137,3.812799302,4.681290473,0.000216969,0.01819415,0.721526781
"130","SFRP1",1.66087874,3.675634701,4.673541219,0.000220561,0.0183,0.718
"131","PLTP",1.431197766,6.389084101,4.665419231,0.00022439,0.018386676,0.59666996
"132","RHOH",1.149945894,4.082138628,4.662109166,0.00022597,0.018386676,0.658484811
"133","IGHV3-33",3.813016505,4.538632348,4.6589709,0.000227478,0.018411891,0.615098222
"134","CD69",1.365850029,4.537086768,4.637644229,0.000238005,0.0189,0.571
"135","DSC3",3.060684976,2.943352689,4.602732401,0.00025632,0.019799376,0.625392277
"136","CILP",1.948791201,3.597887053,4.575140596,0.000271807,0.020568909,0.524053113
"137","C1QTNF3",1.016959153,2.694496511,4.560316832,0.000280517,0.0209,0.551
"138","MMP11",2.43119564,1.687092599,4.551966749,0.000285548,0.021094312,0.523107841
"139","THY1",1.724958736,5.232994818,4.549300321,0.000287174,0.021130568,0.351814373
"140","FCGR2B",1.043567921,4.780495918,4.518365515,0.00030674,0.021962598,0.307650761
"141","IGF1",1.610447999,6.186994046,4.511341653,0.000311369,0.0222,0.27
"142","FLNC",1.729513875,5.510861593,4.508596271,0.000313197,0.022253717,0.260666409
"143","IGLV3-25",3.089268402,3.43512696,4.470742515,0.000339549,0.023454946,0.325763388
"144","AQP5",1.965779843,4.218161021,4.461134703,0.000346589,0.023561722,0.231793208
"145","PTGFRN",1.131412132,5.985063701,4.457691412,0.000349148,0.023630682,0.154527188
"146","CH17-262H11.1",5.205789757,1.905868665,4.445135514,0.000358643,0.0236,0.328
"147","DUSP4",1.37002551,4.489978322,4.442256496,0.000360857,0.0236,0.169
"148","MMP16",1.72792906,2.706661024,4.439782892,0.000362771,0.0236,0.311
"149","WNT10A",1.612875098,1.100804785,4.424402131,0.000374901,0.0239,0.24
"150","CDR1",1.560551945,5.497913876,4.392749734,0.000401177,0.025135163,0.018473468
"151","JSRP1",1.700245601,1.157873548,4.381795046,0.000410701,0.025135163,0.167305095
"152","CILP2",1.895888202,0.514694929,4.379158305,0.000413027,0.0251,0.0822
"153","CPXM1",2.047162116,2.699047044,4.378322369,0.000413767,0.0251,0.189
"154","FBLN2",1.215928741,6.435863077,4.375590111,0.000416196,0.0251,-0.00621
"155","TENM4",1.263096763,4.09970302,4.374295795,0.000417352,0.025135163,0.063109637
"156","DCLK1",1.191404646,4.878467731,4.367369575,0.000423592,0.0251,-0.013
"157","STAT4",1.062512747,3.779765286,4.365481107,0.00042531,0.025135163,0.077127889
"158","IGLV7-46",2.276564523,0.744241547,4.360162615,0.000430186,0.0253,0.0818
"159","CCDC80",1.27707403,8.259749153,4.354453137,0.000435484,0.0254,0.0332
"160","COL9A2",1.405499748,3.219345331,4.323749487,0.000465129,0.026,0.0454
"161","ITGB8",1.224147287,5.678322108,4.323355211,0.000465522,0.02600173,-0.128745344
"162","PDCD1",1.584855665,1.041933208,4.321364726,0.000467515,0.026,0.0453
"163","APOD",1.802006227,5.069805927,4.302963765,0.000486352,0.02631954,-0.157304882
"164","PLXNA4",1.238540475,4.684787593,4.289952147,0.000500134,0.0267,-0.163
"165","ECM2",1.223856373,4.513702216,4.28906864,0.000501084,0.026676564,-0.151830153
"166","ZNF831",1.348073669,3.468201953,4.278666623,0.000512408,0.0269,-0.0696
"167","HR",1.810802423,2.114496083,4.26630612,0.000526202,0.026957619,-0.016736749
"168","SERPINF1",1.549118472,7.137781402,4.261941649,0.000531162,0.0271,-0.213
"169","IGKV1-12",4.81969366,3.09663085,4.246650314,0.000548916,0.027692749,-0.100763782
"170","IL13RA2",2.90886724,1.373381747,4.235863697,0.000561801,0.028038818,-0.08961274
"171","IGHV3-20",2.296705067,1.080672035,4.213761714,0.000589165,0.028862902,-0.149691626
"172","SLC28A3",1.656227892,2.134114326,4.194995111,0.000613457,0.0294,-0.156
"173","FCGR2C",1.113318096,4.546820488,4.193944539,0.000614847,0.02940236,-0.353383489
"174","GNAO1",1.693648766,1.891868228,4.193096119,0.000615971,0.02940236,-0.158440628
"175","EDA2R",1.494488332,2.448478713,4.177685842,0.00063676,0.030160711,-0.199197851
"176","PROM2",1.711542316,4.229546548,4.17013165,0.000647209,0.0304,-0.374
"177","RP11-712B9.6",1.628556626,-0.416822394,4.165741279,0.000653361,0.030637214,-0.454602073
"178","CCL5",1.20528412,4.602424975,4.162598554,0.000657801,0.0307,-0.423
"179","IGHV4-61",4.578066683,2.152056739,4.160756993,0.000660417,0.030735822,-0.223805374
"180","CLDN2",2.222572391,1.695015068,4.154990949,0.000668676,0.030965363,-0.233439053
"181","SLAMF6",1.048975117,3.016109324,4.14596793,0.00068181,0.0314,-0.298
"182","IGKJ4",2.46414781,0.120279732,4.095637773,0.000760001,0.0334,-0.474
"183","IGHA2",2.410243286,6.92925883,4.08097878,0.000784435,0.0341,-0.603
"184","KCNMA1",1.082846037,4.688992952,4.070727209,0.000801991,0.034375744,-0.622510875
"185","CH17-60O17.5",3.758040868,1.632099661,4.063923607,0.000813861,0.034590961,-0.409110573
"186","TUBB2B",1.498862236,1.182135236,4.060076263,0.000820652,0.034800126,-0.429353495
"187","IGKV2-28",4.136995047,3.908761508,4.056693348,0.00082667,0.034975654,-0.575805767
"188","B3GNT3",2.474740757,1.418140448,4.033851962,0.000868486,0.036050082,-0.470165152
"189","AMPD1",2.556220684,0.071794798,4.031104431,0.000873657,0.0361,-0.593
"190","CDH2",1.503527545,1.937548775,4.029428217,0.000876827,0.036060913,-0.476903953
"191","IGLV4-69",2.654971843,0.998279927,4.025121253,0.000885026,0.036131888,-0.504806486
"192","SLN",2.468138408,-0.478633815,4.022218502,0.000890596,0.036278632,-0.702783664
"193","PDE4B",1.191774998,5.818759513,4.013076236,0.000908369,0.03668156,-0.781301267
"194","PTTG4P",1.440938411,-0.231290885,4.006607715,0.00092116,0.037117555,-0.683203625
"195","SCARA5",1.392275093,5.294570179,3.977814598,0.000980332,0.03873604,-0.849094746
"196","ZNF385D",1.276437741,3.4351494,3.971933529,0.000992881,0.0387,-0.696
"197","SERPIND1",1.350223804,2.23800436,3.968292121,0.001000732,0.038892763,-0.60542606
"198","IGLV10-54",2.621885177,0.826149696,3.965643318,0.001006483,0.039,-0.626
"199","FER1L4",1.678877827,3.261270686,3.941540554,0.001060358,0.04,-0.739
"200","PLCH2",1.846580323,3.134408941,3.941515316,0.001060416,0.04,-0.725
"201","CH17-212P11.4",3.031885996,-0.036103887,3.940620964,0.00106247,0.04,-0.764
"202","FOXC1",1.309310956,3.040737475,3.934138061,0.00107748,0.0404,-0.731
"203","CH17-224D4.1",3.55244688,0.950746889,3.930444788,0.001086126,0.0404,-0.683
"204","IGHV4-34",3.279575102,2.679525666,3.920457843,0.001109857,0.040836774,-0.726615409
"205","FBXO32",1.360735971,4.572468898,3.919614334,0.001111885,0.040836774,-0.930225618
"206","GLT8D2",1.003198154,3.51086741,3.91858366,0.001114368,0.0408,-0.815
"207","PPFIA2",1.098128742,2.338106313,3.900059007,0.001159961,0.042,-0.745
"208","IGHV3-72",2.237590898,1.09392468,3.895479701,0.001171518,0.042102276,-0.74132303
"209","IGLV8-61",3.380346284,1.654952713,3.889947387,0.001185634,0.042146832,-0.744045278
"210","HOXC4",1.475653881,0.17897972,3.881570533,0.001207334,0.042445366,-0.83868322
"211","SLAMF7",1.232649847,3.881765185,3.87730649,0.001218533,0.0426,-0.945
"212","BRSK1",1.378366759,0.936132013,3.868505024,0.00124198,0.0429,-0.798
"213","CCL3L3",2.44734856,-0.014801588,3.868324188,0.001242466,0.042920846,-0.885979679
"214","HPSE2",2.011595523,2.118227497,3.867027301,0.001245961,0.043,-0.8
"215","RP11-55J15.2",1.988391342,-0.310148095,3.866137874,0.001248363,0.042956602,-0.932472673
"216","EYA2",1.877531235,2.447174179,3.862246998,0.001258926,0.043081188,-0.826903649
"217","CD28",1.146275878,2.720068997,3.859590242,0.00126619,0.0432,-0.852
"218","UPK1B",2.303349384,1.252486324,3.857948423,0.0012707,0.043245628,-0.807250173
"219","COL24A1",1.300974569,3.015579602,3.853726908,0.001282371,0.0435,-0.892
"220","UBD",2.606465307,2.582737197,3.838499921,0.001325369,0.044,-0.884
"221","MT-CO3",1.092198803,9.479954039,3.838226217,0.001326155,0.044,-0.975
"222","TMEM59L",2.117907493,0.363399658,3.826620825,0.001359916,0.044624323,-0.91614325
"223","CTLA4",1.853054382,1.519221527,3.82643359,0.001360468,0.044624323,-0.865304846
"224","S100B",1.347471437,1.62133901,3.823606004,0.001368826,0.0446,-0.872
"225","IGHV2-26",2.791836564,1.231118347,3.808234297,0.001415177,0.04565845,-0.901547025
"226","TWIST1",2.818047052,-0.156999352,3.798938919,0.001443965,0.0463,-1.02
"227","CDKN2A",1.408039397,1.363457959,3.792260221,0.001465011,0.046779841,-0.930496813
"228","TFAP2A",1.887221502,1.429226519,3.786145397,0.00148455,0.047,-0.942
"229","SERPINB5",2.885955613,1.322749552,3.780316251,0.001503419,0.047359177,-0.953395263
"230","CD8A",1.27891303,2.890316674,3.77950915,0.00150605,0.0474,-1.03
"231","APOBEC3H",1.336697175,0.162880814,3.77783329,0.001511529,0.0474,-1.02
"232","MEOX1",1.757223379,1.137817069,3.777830344,0.001511539,0.047371724,-0.960570223
"233","SPAG4",1.076766786,2.07315491,3.776382942,0.001516287,0.0474,-0.977
"234","TMPRSS4",1.682213855,4.46297193,3.747988326,0.00161251,0.049210636,-1.279555782
"235","TP63",1.925616374,3.283871108,3.745097464,0.001622643,0.0493,-1.14
"236","TNIP3",1.415060271,3.381841188,3.744511741,0.001624704,0.049269541,-1.156678397
"237","CD24",1.470452456,6.346323322,3.739056059,0.001644026,0.0493,-1.35
"238","FUT2",1.430636506,2.947932781,3.736811758,0.001652041,0.049365001,-1.121831795
"239","DOK4",-1.102497272,4.820764524,-3.731074189,0.00167271,0.049743074,-1.344478338
"240","FREM2",-1.14376924,6.058654138,-3.736818015,0.001652019,0.049365001,-1.359658388
"241","RAB11FIP1",-1.097146928,8.481257531,-3.740980005,0.001637186,0.0493,-1.23
"242","PCYT2",-1.122286578,4.94463243,-3.753314937,0.001594005,0.048727329,-1.305659338
"243","FADS1",-1.400767655,6.060975339,-3.758624865,0.001575769,0.048406788,-1.313783356
"244","WFS1",-1.114859347,6.010849612,-3.760871904,0.001568115,0.048331172,-1.30999134
"245","HOPX",-1.195311743,7.170854443,-3.768684343,0.001541793,0.0478,-1.24
"246","CHRM3",-1.103028723,2.720498536,-3.774415092,0.001522766,0.0474,-1.02
"247","RGCC",-1.273731191,6.851770618,-3.7746984,0.001521831,0.047404358,-1.2491832
"248","PFKFB2",-1.057267878,6.081357087,-3.825254408,0.001363947,0.044624323,-1.173243884
"249","MYRF",-1.762976901,4.980566727,-3.830354282,0.001348962,0.04444651,-1.145905286
"250","FHDC1",-1.240109424,5.553023272,-3.83120904,0.001346467,0.044442952,-1.163425477
"251","EMP2",-1.347566016,8.679153585,-3.840550268,0.001319496,0.044,-1.01
"252","ADGRL2",-1.133809885,6.9421794,-3.841410715,0.00131704,0.044,-1.1
"253","NDST1",-1.022617893,7.354298196,-3.845818552,0.001304525,0.043915089,-1.072627573
"254","SPOCK2",-2.171016333,7.282719573,-3.853008772,0.001284367,0.043521422,-1.06154539
"255","CLIC3",-1.849440317,3.453679636,-3.869580978,0.001239089,0.0429,-0.909
"256","MRPL14",-1.055628188,4.878597327,-3.88056742,0.00120996,0.0424,-1.03
"257","CLEC14A",-1.662305966,4.830537152,-3.889288212,0.001187328,0.042146832,-1.013164838
"258","RIMKLA",-1.18249286,3.806572738,-3.889493416,0.0011868,0.042146832,-0.910665373
"259","KL",-1.476039487,3.422958251,-3.895748181,0.001170837,0.042102276,-0.851062428
"260","SH3GL2",-1.218621466,0.990642878,-3.906119683,0.001144842,0.0418,-0.726
"261","CNTN6",-1.431083228,3.142873842,-3.924152257,0.001101018,0.040667771,-0.761371221
"262","SMAD7",-1.022517852,5.0782591,-3.929181926,0.001089099,0.040387765,-0.943128586
"263","PRTG",-1.403900026,4.340600591,-3.929886589,0.001087439,0.040387765,-0.887126128
"264","VEGFD",-1.971675984,3.628708026,-3.93059011,0.001085785,0.040387765,-0.803952915
"265","CALCRL",-1.409383699,6.94621184,-3.94423514,0.001054194,0.040038349,-0.888564307
"266","CBS",-1.723353369,3.700897736,-3.947169129,0.001047523,0.039960417,-0.778424861
"267","CYP51A1",-1.38320774,6.983190138,-3.949156161,0.001043029,0.039870692,-0.876286334
"268","COL4A4",-1.4222117,6.062340302,-3.969844272,0.000997378,0.038843501,-0.869267984
"269","SCN1A",-1.46647214,5.043384435,-3.971950098,0.000992846,0.038749431,-0.851517542
"270","PRSS8",-1.001860457,5.511552438,-3.975010386,0.000986296,0.03873604,-0.860041237
"271","PLA2G3",-1.770371455,2.459038419,-3.975277259,0.000985727,0.03873604,-0.602304125
"272","GIMAP6",-1.10652137,5.513695151,-3.977290607,0.000981444,0.03873604,-0.85527428
"273","LDHD",-1.003251819,2.782066153,-4.015429261,0.000903761,0.036670926,-0.543298652
"274","TMEM97",-1.708991692,4.514213005,-4.029071814,0.000877503,0.036060913,-0.6958278
"275","RAPGEF4",-1.12732044,4.523297719,-4.035679917,0.000865062,0.036026833,-0.682784665
"276","CDC25B",-1.018924277,5.720612735,-4.041943654,0.000853434,0.035702292,-0.720769565
"277","ACSS2",-1.362843326,6.344481026,-4.045631939,0.00084666,0.0356,-0.702
"278","HPN",-1.177710088,3.689066173,-4.069447883,0.00080421,0.034375744,-0.524148934
"279","LILRA1",-1.260628354,2.422253127,-4.076625382,0.000791842,0.034201708,-0.398748533
"280","PTPRB",-1.636355838,7.447130423,-4.078561601,0.000788539,0.034138237,-0.580649312
"281","ACADL",-1.191070048,4.452669454,-4.089465732,0.000770194,0.033578287,-0.563919678
"282","CAV1",-1.377943943,8.240884982,-4.092374227,0.000765374,0.033468981,-0.511507926
"283","RAB17",-1.085397122,4.540523423,-4.103142036,0.000747792,0.03305411,-0.542943315
"284","SDR16C5",-1.480829076,5.295258678,-4.109881379,0.000736997,0.032744457,-0.571153211
"285","GCOM1",-1.599322646,4.146780719,-4.112247225,0.000733244,0.0327,-0.486
"286","AGER",-3.193471084,7.438351951,-4.112904257,0.000732205,0.032655675,-0.509296422
"287","FAM167A",-1.468783736,4.138899615,-4.12414509,0.000714663,0.032213499,-0.460756111
"288","B3GALNT1",-1.06930257,3.990656196,-4.129893621,0.000705857,0.03204936,-0.432871811
"289","GPRIN2",-1.797872225,4.193689617,-4.134673133,0.000698619,0.031798263,-0.44454836
"290","NPR3",-1.557584643,5.255481229,-4.157148508,0.000665574,0.030898554,-0.47053766
"291","RNF182",-1.096505881,2.12322929,-4.175359985,0.000639959,0.030160711,-0.194669518
"292","RAMP3",-1.999487259,4.638831041,-4.180381691,0.000633073,0.030064512,-0.388896699
"293","PTPN21",-1.160313501,5.697878503,-4.195015551,0.00061343,0.0294,-0.399
"294","SELENBP1",-1.027840694,6.978253135,-4.195097706,0.000613322,0.02940236,-0.360789779
"295","HSD17B6",-1.803360531,3.82662927,-4.205235593,0.000600079,0.02909132,-0.258679543
"296","SMAD6",-2.125996339,5.463784765,-4.210181483,0.000593723,0.028933913,-0.364216522
"297","CRTAC1",-1.913620408,4.378436451,-4.237205066,0.000560182,0.028033184,-0.248507162
"298","RHOBTB2",-1.193334477,7.24158529,-4.265509079,0.000527104,0.026957619,-0.200338898
"299","SFTA2",-1.679814371,4.569625667,-4.271194727,0.000520702,0.026851496,-0.193642341
"300","RAPGEF5",-1.195414647,6.986307099,-4.271920233,0.000519891,0.026851496,-0.199567175
"301","ACVRL1",-1.473982923,6.630107415,-4.273528196,0.000518097,0.026851496,-0.212575846
"302","SLC6A4",-2.679803267,4.931403271,-4.274006007,0.000517566,0.026851496,-0.211365703
"303","C1ORF115",-1.083325963,4.484250612,-4.27644589,0.000514859,0.026851496,-0.175740161
"304","KIAA0408",-1.469539752,4.515178654,-4.288638776,0.000501547,0.026676564,-0.152849938
"305","ACAT2",-1.812521301,4.577204791,-4.29358313,0.000496249,0.026676564,-0.147441178
"306","PRKCZ",-1.078784879,5.553121059,-4.31187833,0.000477132,0.02610917,-0.151912596
"307","ARRB1",-1.158822212,5.9957658,-4.315168355,0.000473774,0.02609402,-0.143989485
"308","ST13P2",-2.157649148,0.201861266,-4.320973074,0.000467908,0.02600173,-0.071919123
"309","PCSK9",-2.209078469,4.138824636,-4.328386235,0.000460524,0.025900642,-0.035932697
"310","ARHGEF26",-1.306448483,6.025404772,-4.337734288,0.00045138,0.02562437,-0.09618848
"311","VEPH1",-2.027390878,5.925166814,-4.343300029,0.000446024,0.025616662,-0.08591209
"312","TSPAN7",-1.154484729,4.41864325,-4.348468159,0.000441108,0.025502077,-0.020028877
"313","AATK",-1.36998003,4.515897977,-4.352512827,0.000437299,0.025360629,-0.019613659
"314","ST6GALNAC5",-1.325640377,4.07817904,-4.358680338,0.000431555,0.025263626,0.032852577
"315","ITLN2",-3.16242277,1.918110109,-4.358868122,0.000431382,0.025263626,0.162222606
"316","UNC13D",-1.151861423,6.028486736,-4.365979706,0.000424856,0.025135163,-0.036904057
"317","DLC1",-1.19954019,8.182137249,-4.381656827,0.000410822,0.025135163,0.085914286
"318","GALNT18",-1.1706853,5.481090684,-4.382389486,0.000410178,0.025135163,-0.002968014
"319","ADCY8",-1.519071641,2.049107898,-4.415422097,0.000382173,0.024202384,0.273084596
"320","CCDC85A",-1.756695753,3.818501459,-4.430624945,0.000369945,0.023747889,0.207361358
"321","CAV2",-1.098231121,7.162445256,-4.444266603,0.00035931,0.023630682,0.168610008
"322","SOGA3",-2.910042297,1.729104892,-4.44835288,0.000356186,0.023630682,0.328618417
"323","C1ORF198",-1.528103393,6.678942083,-4.449215371,0.00035553,0.023630682,0.157000751
"324","HMGCR",-1.293587738,6.015098907,-4.466414241,0.000342702,0.023454946,0.173203292
"325","STXBP6",-1.359969767,4.462317276,-4.47826313,0.00033414,0.023210236,0.246432526
"326","ENSAP1",-1.678786081,0.453388163,-4.48286364,0.000330874,0.023132729,0.253161327
"327","EDNRB",-1.114837667,6.200455895,-4.505099518,0.000315541,0.022335056,0.257707066
"328","HHIP",-2.115439081,6.330556968,-4.519537425,0.000305975,0.021962598,0.29132434
"329","USP44",-1.251376125,3.232551303,-4.527123306,0.000301067,0.021808038,0.456355077
"330","ID1",-1.146038997,6.855217835,-4.531970272,0.000297973,0.021753227,0.336999448
"331","LDLR",-1.056651036,7.833804154,-4.536149856,0.000295332,0.021645251,0.38986761
"332","ID3",-1.421195689,5.687777275,-4.555360257,0.000283493,0.021025889,0.356838069
"333","S100A4",-1.24099066,6.862376883,-4.560922338,0.000280156,0.020888426,0.397509883
"334","FOXA2",-1.005362536,4.311143552,-4.561726985,0.000279676,0.020888426,0.431862397
"335","FDPS",-1.27105408,6.16157349,-4.597692273,0.00025908,0.019847882,0.449922233
"336","PAPSS2",-1.105643635,6.939079272,-4.610128511,0.000252323,0.019653773,0.503012146
"337","WWC2",-1.34477071,6.721911345,-4.612439117,0.000251088,0.019653773,0.498596701
"338","AMOTL2",-1.093081356,6.78660239,-4.654304061,0.00022974,0.018514489,0.588087406
"339","MS4A15",-2.234466287,3.97038281,-4.661672631,0.000226179,0.018386676,0.667504522
"340","ZBTB42",-1.016149377,3.3025399,-4.662393675,0.000225834,0.018386676,0.724094223
"341","HMGCS1",-1.765692348,6.303972167,-4.669867169,0.000222285,0.018386676,0.603479123
"342","PKDCC",-1.50587363,4.488987684,-4.687717604,0.000214036,0.018111337,0.678075503
"343","MYZAP",-2.66861299,4.108265575,-4.695610324,0.000210489,0.018111337,0.724965389
"344","EPB41L5",-1.075525575,6.13779431,-4.708110453,0.000204994,0.017832542,0.678917079
"345","RP3-403A15.5",-1.379996512,4.291094039,-4.726050729,0.000197362,0.017412718,0.772219572
"346","TNNC1",-2.141847155,4.231898708,-4.730634239,0.000195459,0.017409844,0.786388978
"347","ESAM",-1.80478792,5.143824264,-4.732463016,0.000194705,0.017409844,0.73538687
"348","MID1IP1",-1.16551101,5.897766585,-4.736801951,0.000192927,0.017409844,0.734913475
"349","FZD8",-1.175472974,3.623470009,-4.744275015,0.000189905,0.01740824,0.865397953
"350","WNT7A",-1.490282091,2.73117146,-4.749184286,0.000187946,0.01740824,0.921862444
"351","RASSF7",-1.060466942,4.873811185,-4.756329767,0.000185132,0.017318657,0.796049483
"352","RAB32",-1.274679416,3.967019205,-4.764144021,0.000182103,0.017296073,0.877212254
"353","HYAL1",-1.622383429,4.391155086,-4.776378559,0.000177462,0.017296073,0.86778023
"354","TEK",-1.619406927,5.606941238,-4.783746079,0.000174726,0.017296073,0.831873875
"355","HPCAL1",-1.256477546,5.648484972,-4.787269037,0.000173433,0.017296073,0.838928613
"356","TMEM139",-1.369594126,2.863437269,-4.84952334,0.000152129,0.016465291,1.116249707
"357","MVD",-1.560905107,4.849295779,-4.874627641,0.000144313,0.015991234,1.040965635
"358","SHE",-1.091074873,5.510364608,-4.901738863,0.000136332,0.015475349,1.076353493
"359","LSS",-1.476866448,6.515700938,-4.920633656,0.000131038,0.015058069,1.127587222
"360","ADRB2",-1.041487181,5.108170937,-4.938334134,0.00012627,0.014693327,1.161017933
"361","IRX1",-1.360097432,2.175968077,-4.972978323,0.000117444,0.014105439,1.343929412
"362","TMEM160",-1.086246827,2.464718085,-5.011975493,0.000108262,0.013436036,1.429446532
"363","TRIB3",-1.870689014,3.92408274,-5.013018062,0.000108027,0.013436036,1.384909951
"364","C19ORF54",-1.009929195,3.461170091,-5.018724854,0.000106749,0.013436036,1.427059945
"365","KCNG3",-1.75983287,0.936093862,-5.018995242,0.000106689,0.013436036,1.278408931
"366","JPH1",-1.046782549,3.442709118,-5.038143508,0.000102516,0.013340376,1.466614643
"367","MACROD2",-1.569887791,5.421859134,-5.040884836,0.000101932,0.013340376,1.363098619
"368","ECHDC3",-1.038840056,3.610264226,-5.049131672,0.000100197,0.013228851,1.478785292
"369","CA2",-1.982327879,4.176880503,-5.066789664,9.66e-05,0.012842747,1.474911699
"370","SLC39A8",-1.898694557,7.87280426,-5.10322143,8.95e-05,0.012256745,1.549009742
"371","MAP2",-1.10714468,5.400496028,-5.113468986,8.77e-05,0.012177958,1.511584301
"372","FCN3",-2.894033777,5.486393249,-5.156209436,8.02e-05,0.011401093,1.597281992
"373","SLC3A2",-1.095806338,6.460280983,-5.196868896,7.38e-05,0.010985047,1.689245501
"374","STARD4",-1.295923438,5.223482539,-5.227563966,6.92e-05,0.010564453,1.747012424
"375","ECEL1P2",-1.972356581,2.002354801,-5.269952054,6.34e-05,0.010064933,1.883922446
"376","ABC7-42404400C24.1",-1.824365105,4.495330174,-5.358653863,5.29e-05,0.009377513,2.040528703
"377","C6ORF223",-2.323953757,3.34718917,-5.406852731,4.79e-05,0.008663036,2.192316575
"378","TMEM125",-1.446875906,5.69899775,-5.443730442,4.45e-05,0.008327506,2.175644246
"379","NECAB1",-1.544202428,3.823916209,-5.471348168,4.2e-05,0.008150736,2.300463672
"380","SYDE2",-1.166875276,5.028768186,-5.496570569,3.99e-05,0.007993534,2.292285175
"381","RP5-862P8.2",-1.191884587,3.931400918,-5.510229427,3.88e-05,0.007993534,2.371180097
"382","MATN3",-1.784330688,2.380838384,-5.597148757,3.26e-05,0.007488023,2.517172284
"383","ANXA3",-1.447547907,6.14044897,-5.615699236,3.14e-05,0.007488023,2.520888149
"384","RIMS4",-1.746611348,2.022957381,-5.621910603,3.1e-05,0.007488023,2.522259226
"385","CTNNBIP1",-1.352818773,4.824458745,-5.623320886,3.09e-05,0.007488023,2.550159443
"386","NEBL",-1.004636317,7.111470713,-5.625541453,3.08e-05,0.007488023,2.564286068
"387","P3H2",-1.650160258,5.425147903,-5.644363014,2.96e-05,0.007452936,2.576412162
"388","GGTLC1",-2.796892438,2.697367924,-5.655117743,2.9e-05,0.007452936,2.648257231
"389","VSIG10",-1.419129468,5.052772468,-5.801551642,2.16e-05,0.006101412,2.892263264
"390","C12ORF49",-1.194772533,6.69886256,-5.900882071,1.78e-05,0.00542064,3.08994389
"391","AJUBA",-1.336184362,4.871156758,-6.154708185,1.08e-05,0.004568504,3.576471934
"392","TSPAN13",-1.411650997,6.063170361,-6.216950506,9.57e-06,0.004345197,3.684722797
"393","ANKRD1",-3.846494002,4.308699977,-6.341123292,7.53e-06,0.003786916,3.941236027
"394","RXFP1",-2.00247247,2.263567672,-6.773904564,3.33e-06,0.002293006,4.525664205
"395","FZD5",-1.505717112,5.642906244,-7.005710351,2.17e-06,0.001804418,5.134257795
"396","P2RY1",-1.481138358,4.680107784,-7.597178491,7.53e-07,0.001078548,6.159818872
