,X,log2FoldChange,AveExpr,t,pvalue,padj,B
1,IGHG4,5.784923771,4.251091233,9.418941845,3.84E-08,0.000302,8.94
2,TSHZ2,1.604813459,4.711254296,9.307954452,4.55E-08,0.000302096,8.826096058
3,PDGFD,2.266042752,3.434459898,9.264585614,4.87E-08,0.000302,8.56
4,IGHV3-66,3.280238187,1.428876102,8.84893256,9.33E-08,0.000398514,7.066578161
5,IGHV3-23,2.838552303,5.192896794,8.763068303,1.07E-07,0.000399,8.04
6,IGHJ5,3.785622243,1.858060583,8.534369241,1.55E-07,0.00048,6.93
7,IGHV5-51,3.243490755,3.794017523,8.17968145,2.78E-07,0.000695,7.05
8,IGHV3-49,3.22346598,2.263671226,8.124015048,3.05E-07,0.00069497,6.561972886
9,IGHG2,4.428660565,6.209874696,8.067082152,3.36E-07,0.000695,6.94
10,IGLC1,3.577420704,6.253754221,7.889955438,4.54E-07,0.00084506,6.65114189
11,SFRP2,3.409360192,5.229569612,7.75523228,5.72E-07,0.000945,6.43
12,IGHV1-46,3.704232874,2.456333596,7.719268264,6.09E-07,0.000944734,6.045599256
13,IGHV4-59,3.243123592,4.661574294,7.494039788,9.03E-07,0.001120481,5.985606661
14,IGLV2-8,3.233272972,3.507285136,7.450913001,9.74E-07,0.001120481,5.854378514
15,ITM2C,1.148582984,4.743586954,7.405558812,1.06E-06,0.00112,5.84
16,IGHG1,4.489331906,8.852581499,7.395252192,1.08E-06,0.00112,5.78
17,IGHV4-39,3.481022973,4.313620585,7.390887368,1.08E-06,0.001120481,5.8056723
18,DIO2,2.44702857,3.548360445,7.329775389,1.21E-06,0.00118,5.66
19,IGKV1D-39,3.793115843,5.389335988,7.190359242,1.55E-06,0.001443787,5.461251871
20,IGKC,3.727825116,9.619932216,7.15069185,1.67E-06,0.00148,5.35
21,CRABP2,3.1266237,1.837500317,6.973074882,2.30E-06,0.001804418,4.72603144
22,IGHV1-69-2,4.85521049,3.641119434,6.967457632,2.33E-06,0.001804418,5.054442961
23,IGHV2-5,3.335376969,3.253340903,6.937957407,2.46E-06,0.001828618,4.970243992
24,IGKV1-5,3.619293618,5.053254511,6.830513822,2.99E-06,0.00214,4.82
25,CD27,1.264893479,2.621888129,6.736341355,3.57E-06,0.0023115,4.53759992
26,IGLV2-11,2.972619106,3.728264577,6.731228386,3.60E-06,0.0023115,4.646829757
27,IGKV3-15,3.232058624,4.434739866,6.587694136,4.71E-06,0.00292,4.39
28,IGLL5,3.254123384,4.894862319,6.470848226,5.88E-06,0.003531042,4.16878127
29,PAPPA,1.755344701,5.060380457,6.443726279,6.19E-06,0.003544987,4.115509887
30,COL14A1,2.118566799,7.229656741,6.435932365,6.28E-06,0.00354,4.11
31,IGLV1-47,3.215215206,3.059558823,6.418105987,6.50E-06,0.00356,4.05
32,COMP,2.894952084,2.569411465,6.384298855,6.94E-06,0.003688726,3.933498217
33,IGHV3-7,2.95456224,4.159946326,6.365770605,7.19E-06,0.00372,3.99
34,FAM46C,1.264261364,6.122136984,6.327686918,7.73E-06,0.00379,3.89
35,AC159540.14,1.231901946,2.735048896,6.301568506,8.13E-06,0.003879804,3.812850079
36,BHLHE22,1.893683308,1.459451551,6.221495534,9.49E-06,0.00435,3.43
37,PAMR1,1.525347606,3.393169576,6.196173187,9.96E-06,0.004415926,3.675349584
38,IGLC2,3.345385294,7.97709657,6.171714475,1.04E-05,0.004522823,3.630087744
39,IGKV1-9,3.381679268,2.658730748,6.135324148,1.12E-05,0.004638629,3.511726861
40,IGLV1-40,2.991096461,3.203619587,6.08079219,1.25E-05,0.005046959,3.457483715
41,CFH,1.638312341,7.910336339,6.050550894,1.32E-05,0.00524,3.4
42,LRRN1,1.669669584,2.963241717,6.02908326,1.38E-05,0.005351804,3.34968465
43,IGHV3-74,2.378423506,3.127532344,6.016914023,1.41E-05,0.00536,3.34
44,IGHJ4,4.274361366,1.909916226,5.99741091,1.47E-05,0.00536,3.16
45,IGLV2-14,3.196782717,4.915699048,5.992270153,1.48E-05,0.005361544,3.26509365
46,IGHV3-43,2.894627741,1.411997293,5.980810708,1.52E-05,0.00536,3.02
47,MMP7,3.427154364,4.614306097,5.970754396,1.55E-05,0.005361544,3.233256902
48,IGKV3D-20,3.530344284,0.954738774,5.968209381,1.56E-05,0.005361544,2.862787577
49,IGKV1-33,3.495905122,4.316080053,5.949231133,1.61E-05,0.005374973,3.203059579
50,IGHM,2.493339984,7.067229891,5.922031428,1.70E-05,0.005374973,3.139604195
51,PTCHD4,1.816690463,2.755981134,5.902048161,1.77E-05,0.00542064,3.103896223
52,IGKV3-20,3.135281504,5.754039742,5.845254533,1.98E-05,0.005954625,2.968492932
53,ISM1,1.736263959,2.70107046,5.815594806,2.10E-05,0.0061,2.94
54,IGLV6-57,3.167378054,2.349407393,5.815189568,2.11E-05,0.006101412,2.907189173
55,CD79A,2.564274532,2.029603372,5.805643672,2.15E-05,0.006101412,2.847961576
56,IGKV4-1,3.238922771,4.940485568,5.776271964,2.27E-05,0.00632,2.85
57,CXCL14,3.24232351,3.41352316,5.741002096,2.44E-05,0.00668,2.83
58,IGKJ2,3.101216861,-0.336725281,5.716782737,2.56E-05,0.00691,1.95
59,IGHJ3,3.93539002,-0.006916534,5.65014433,2.93E-05,0.007452936,2.00498765
60,SULF1,1.691030208,5.755988175,5.604206361,3.21E-05,0.00749,2.49
61,IGLV2-23,3.829944578,4.016802545,5.600699962,3.23E-05,0.00749,2.54
62,IGHV3-13,2.804128312,0.584493379,5.566203927,3.47E-05,0.007851332,2.097850565
63,ASPN,2.000867557,4.609369701,5.561602024,3.50E-05,0.00785,2.44
64,IGKV1-17,3.287677758,2.758087554,5.554299358,3.55E-05,0.00787325,2.464808962
65,IGHA1,2.80342152,8.759872906,5.531956635,3.72E-05,0.00799,2.42
66,FOLR2,1.222055982,4.338970847,5.526687405,3.76E-05,0.007993534,2.382043953
67,IGLV3-21,2.746117073,4.366918081,5.514819346,3.85E-05,0.00799,2.36
68,IGLV3-19,3.079772512,4.246220111,5.510740301,3.88E-05,0.00799,2.36
69,RGS1,1.947705991,6.457800279,5.505889785,3.92E-05,0.00799,2.31
70,IGLV3-9,2.487911868,1.590458566,5.497981646,3.98E-05,0.007993534,2.238860904
71,FHL2,1.431107057,4.291363433,5.485418405,4.08E-05,0.00808958,2.3032703
72,IGHV4-55,3.476759981,0.69606752,5.47780332,4.15E-05,0.008129199,1.990682267
73,FNDC1,3.016941283,2.366389478,5.458086251,4.32E-05,0.00825,2.26
74,IGLV1-51,2.799071328,3.583100504,5.434591549,4.53E-05,0.00833,2.24
75,IGKV2-30,2.615393527,3.043344779,5.431112007,4.56E-05,0.00833,2.24
76,IL1RN,1.776545137,3.969045935,5.431012141,4.56E-05,0.008327506,2.213955595
77,KCNN4,1.465255903,2.869024353,5.369113406,5.18E-05,0.00927,2.12
78,IGHV1-18,3.117934796,4.248970801,5.340972768,5.48E-05,0.009631433,2.019546059
79,IGHV3-21,3.418334029,3.701305182,5.335340914,5.55E-05,0.009651194,2.040011729
80,PCSK1N,2.236646151,1.065517374,5.321311426,5.71E-05,0.00965,1.83
81,IGHV1-24,3.691559718,2.386274424,5.316474708,5.77E-05,0.00965,2
82,IGLV3-10,2.929848215,1.930370599,5.31311288,5.81E-05,0.00965,1.96
83,DERL3,1.645677978,2.862207921,5.290342776,6.08E-05,0.01,1.97
84,CH17-60O17.7,4.583664912,0.654838172,5.285103844,6.15E-05,0.01,1.66
85,HS6ST2,2.255021487,1.841629573,5.269216323,6.35E-05,0.0101,1.87
86,NHS,1.137387084,3.632653979,5.264469181,6.42E-05,0.010064933,1.904100528
87,PIM2,1.495242678,5.08151724,5.262911395,6.44E-05,0.010064933,1.822495152
88,IGKV3-11,3.24178404,4.628341655,5.243551352,6.70E-05,0.0103,1.8
89,OGN,1.51642268,4.668529383,5.214174795,7.12E-05,0.010685063,1.741473158
90,IGHV6-1,2.883015424,1.390930182,5.186727822,7.53E-05,0.011128047,1.656545553
91,PCDH7,1.395775617,4.91083206,5.164383894,7.89E-05,0.0113,1.63
92,IGHV3-15,2.738026107,2.773741571,5.164322784,7.89E-05,0.0113,1.73
93,IGHV1-58,3.122895692,0.027548363,5.145284507,8.21E-05,0.0116,1.25
94,BOC,1.098138701,4.453392828,5.106379317,8.90E-05,0.012256745,1.536200746
95,IGHV2-70,3.84156986,1.915124823,5.092201563,9.16E-05,0.012448868,1.5490053
96,SMOC2,1.333972193,3.992595839,5.031685347,0.000103904,0.013340376,1.41749575
97,IGHV1-2,3.779462682,3.199199499,5.031667243,0.000103908,0.013340376,1.464719639
98,COL17A1,2.592426423,3.878889718,5.000240209,0.000110945,0.013677843,1.362496393
99,CXCL12,1.240899839,5.56104457,4.980336764,0.000115653,0.014042186,1.237286814
100,IGLC3,2.848318269,6.640957797,4.980098589,0.00011571,0.014,1.25
101,IGKV1-16,3.379114071,2.184397747,4.961698537,0.000120246,0.014349384,1.323032268
102,SSC5D,1.747670948,3.89426632,4.94722631,0.000123942,0.014693327,1.254512741
103,IGLV1-44,3.304481748,3.244533085,4.942049939,0.000125292,0.014693327,1.285930529
104,TNFRSF21,1.054992384,5.701467338,4.923132469,0.000130354,0.0151,1.12
105,IGHG3,3.151322944,6.066411335,4.884957968,0.000141217,0.0159,1.04
106,SNAP25,1.944936168,1.317382498,4.855467703,0.00015024,0.016397869,1.051615346
107,IGKV1-6,2.622882768,1.32809479,4.844834588,0.000153636,0.016532291,1.033728037
108,MFSD1P1,1.496743122,0.865296738,4.841488502,0.000154721,0.0166,0.955
109,PRDM1,1.165316686,5.082392421,4.820451978,0.000161723,0.016913678,0.919385836
110,PDE7B,1.195404389,3.671080275,4.807219045,0.000166293,0.017198373,0.988952089
111,ZMAT3,1.11997723,5.492791876,4.792399501,0.000171567,0.017296073,0.85099126
112,IGHV3-30,3.18061107,4.44079375,4.792281878,0.00017161,0.0173,0.897
113,RUNX2,1.124512157,3.850905893,4.783526454,0.000174807,0.0173,0.926
114,ALDH1A3,2.076238473,5.788696267,4.780607486,0.000175887,0.017296073,0.825017448
115,PDLIM4,1.997460774,3.270566496,4.778866535,0.000176534,0.0173,0.96
116,RNF150,1.042831084,3.705453477,4.776883401,0.000177273,0.017296073,0.924833923
117,IGKV1-39,4.302877117,-0.127217452,4.77118151,0.000179419,0.017296073,0.601933232
118,IL2RA,1.989113202,3.372694509,4.769950107,0.000179885,0.017296073,0.935527768
119,SKAP1,1.084878329,2.250990365,4.766540403,0.000181184,0.0173,0.954
120,IGHV4-28,2.387766923,0.362865302,4.765868685,0.000181441,0.017296073,0.719529199
121,BCL11B,1.203333004,3.403236536,4.764769538,0.000181863,0.0173,0.923
122,IGKV1D-8,2.420188703,-0.08778738,4.746563223,0.00018899,0.0174,0.573
123,CD3E,1.227311508,2.589062874,4.74593369,0.000189241,0.01740824,0.917123186
124,IGHV3-48,2.656951277,2.541361113,4.726215002,0.000197293,0.0174,0.879
125,CDH3,1.992986225,4.656143881,4.691899102,0.000212149,0.018111337,0.675268738
126,CBLN4,1.801530841,0.921313549,4.690115675,0.000212952,0.018111337,0.697162779
127,ANKRD36BP2,1.320026254,5.261391057,4.68908664,0.000213416,0.0181,0.642
128,IGLV1-36,2.626300971,-0.094928111,4.6814891,0.000216878,0.01819415,0.46569305
129,IRF4,1.056569137,3.812799302,4.681290473,0.000216969,0.01819415,0.721526781
130,SFRP1,1.66087874,3.675634701,4.673541219,0.000220561,0.0183,0.718
131,PLTP,1.431197766,6.389084101,4.665419231,0.00022439,0.018386676,0.59666996
132,RHOH,1.149945894,4.082138628,4.662109166,0.00022597,0.018386676,0.658484811
133,IGHV3-33,3.813016505,4.538632348,4.6589709,0.000227478,0.018411891,0.615098222
134,CD69,1.365850029,4.537086768,4.637644229,0.000238005,0.0189,0.571
135,DSC3,3.060684976,2.943352689,4.602732401,0.00025632,0.019799376,0.625392277
136,CILP,1.948791201,3.597887053,4.575140596,0.000271807,0.020568909,0.524053113
137,C1QTNF3,1.016959153,2.694496511,4.560316832,0.000280517,0.0209,0.551
138,MMP11,2.43119564,1.687092599,4.551966749,0.000285548,0.021094312,0.523107841
139,THY1,1.724958736,5.232994818,4.549300321,0.000287174,0.021130568,0.351814373
140,FCGR2B,1.043567921,4.780495918,4.518365515,0.00030674,0.021962598,0.307650761
141,IGF1,1.610447999,6.186994046,4.511341653,0.000311369,0.0222,0.27
142,FLNC,1.729513875,5.510861593,4.508596271,0.000313197,0.022253717,0.260666409
143,IGLV3-25,3.089268402,3.43512696,4.470742515,0.000339549,0.023454946,0.325763388
144,AQP5,1.965779843,4.218161021,4.461134703,0.000346589,0.023561722,0.231793208
145,PTGFRN,1.131412132,5.985063701,4.457691412,0.000349148,0.023630682,0.154527188
146,CH17-262H11.1,5.205789757,1.905868665,4.445135514,0.000358643,0.0236,0.328
147,DUSP4,1.37002551,4.489978322,4.442256496,0.000360857,0.0236,0.169
148,MMP16,1.72792906,2.706661024,4.439782892,0.000362771,0.0236,0.311
149,WNT10A,1.612875098,1.100804785,4.424402131,0.000374901,0.0239,0.24
150,CDR1,1.560551945,5.497913876,4.392749734,0.000401177,0.025135163,0.018473468
151,JSRP1,1.700245601,1.157873548,4.381795046,0.000410701,0.025135163,0.167305095
152,CILP2,1.895888202,0.514694929,4.379158305,0.000413027,0.0251,0.0822
153,CPXM1,2.047162116,2.699047044,4.378322369,0.000413767,0.0251,0.189
154,FBLN2,1.215928741,6.435863077,4.375590111,0.000416196,0.0251,-0.00621
155,TENM4,1.263096763,4.09970302,4.374295795,0.000417352,0.025135163,0.063109637
156,DCLK1,1.191404646,4.878467731,4.367369575,0.000423592,0.0251,-0.013
157,STAT4,1.062512747,3.779765286,4.365481107,0.00042531,0.025135163,0.077127889
158,IGLV7-46,2.276564523,0.744241547,4.360162615,0.000430186,0.0253,0.0818
159,CCDC80,1.27707403,8.259749153,4.354453137,0.000435484,0.0254,0.0332
160,COL9A2,1.405499748,3.219345331,4.323749487,0.000465129,0.026,0.0454
161,ITGB8,1.224147287,5.678322108,4.323355211,0.000465522,0.02600173,-0.128745344
162,PDCD1,1.584855665,1.041933208,4.321364726,0.000467515,0.026,0.0453
163,APOD,1.802006227,5.069805927,4.302963765,0.000486352,0.02631954,-0.157304882
164,PLXNA4,1.238540475,4.684787593,4.289952147,0.000500134,0.0267,-0.163
165,ECM2,1.223856373,4.513702216,4.28906864,0.000501084,0.026676564,-0.151830153
166,ZNF831,1.348073669,3.468201953,4.278666623,0.000512408,0.0269,-0.0696
167,HR,1.810802423,2.114496083,4.26630612,0.000526202,0.026957619,-0.016736749
168,SERPINF1,1.549118472,7.137781402,4.261941649,0.000531162,0.0271,-0.213
169,IGKV1-12,4.81969366,3.09663085,4.246650314,0.000548916,0.027692749,-0.100763782
170,IL13RA2,2.90886724,1.373381747,4.235863697,0.000561801,0.028038818,-0.08961274
171,IGHV3-20,2.296705067,1.080672035,4.213761714,0.000589165,0.028862902,-0.149691626
172,SLC28A3,1.656227892,2.134114326,4.194995111,0.000613457,0.0294,-0.156
173,FCGR2C,1.113318096,4.546820488,4.193944539,0.000614847,0.02940236,-0.353383489
174,GNAO1,1.693648766,1.891868228,4.193096119,0.000615971,0.02940236,-0.158440628
175,EDA2R,1.494488332,2.448478713,4.177685842,0.00063676,0.030160711,-0.199197851
176,PROM2,1.711542316,4.229546548,4.17013165,0.000647209,0.0304,-0.374
177,RP11-712B9.6,1.628556626,-0.416822394,4.165741279,0.000653361,0.030637214,-0.454602073
178,CCL5,1.20528412,4.602424975,4.162598554,0.000657801,0.0307,-0.423
179,IGHV4-61,4.578066683,2.152056739,4.160756993,0.000660417,0.030735822,-0.223805374
180,CLDN2,2.222572391,1.695015068,4.154990949,0.000668676,0.030965363,-0.233439053
181,SLAMF6,1.048975117,3.016109324,4.14596793,0.00068181,0.0314,-0.298
182,IGKJ4,2.46414781,0.120279732,4.095637773,0.000760001,0.0334,-0.474
183,IGHA2,2.410243286,6.92925883,4.08097878,0.000784435,0.0341,-0.603
184,KCNMA1,1.082846037,4.688992952,4.070727209,0.000801991,0.034375744,-0.622510875
185,CH17-60O17.5,3.758040868,1.632099661,4.063923607,0.000813861,0.034590961,-0.409110573
186,TUBB2B,1.498862236,1.182135236,4.060076263,0.000820652,0.034800126,-0.429353495
187,IGKV2-28,4.136995047,3.908761508,4.056693348,0.00082667,0.034975654,-0.575805767
188,B3GNT3,2.474740757,1.418140448,4.033851962,0.000868486,0.036050082,-0.470165152
189,AMPD1,2.556220684,0.071794798,4.031104431,0.000873657,0.0361,-0.593
190,CDH2,1.503527545,1.937548775,4.029428217,0.000876827,0.036060913,-0.476903953
191,IGLV4-69,2.654971843,0.998279927,4.025121253,0.000885026,0.036131888,-0.504806486
192,SLN,2.468138408,-0.478633815,4.022218502,0.000890596,0.036278632,-0.702783664
193,PDE4B,1.191774998,5.818759513,4.013076236,0.000908369,0.03668156,-0.781301267
194,PTTG4P,1.440938411,-0.231290885,4.006607715,0.00092116,0.037117555,-0.683203625
195,SCARA5,1.392275093,5.294570179,3.977814598,0.000980332,0.03873604,-0.849094746
196,ZNF385D,1.276437741,3.4351494,3.971933529,0.000992881,0.0387,-0.696
197,SERPIND1,1.350223804,2.23800436,3.968292121,0.001000732,0.038892763,-0.60542606
198,IGLV10-54,2.621885177,0.826149696,3.965643318,0.001006483,0.039,-0.626
199,FER1L4,1.678877827,3.261270686,3.941540554,0.001060358,0.04,-0.739
200,PLCH2,1.846580323,3.134408941,3.941515316,0.001060416,0.04,-0.725
201,CH17-212P11.4,3.031885996,-0.036103887,3.940620964,0.00106247,0.04,-0.764
202,FOXC1,1.309310956,3.040737475,3.934138061,0.00107748,0.0404,-0.731
203,CH17-224D4.1,3.55244688,0.950746889,3.930444788,0.001086126,0.0404,-0.683
204,IGHV4-34,3.279575102,2.679525666,3.920457843,0.001109857,0.040836774,-0.726615409
205,FBXO32,1.360735971,4.572468898,3.919614334,0.001111885,0.040836774,-0.930225618
206,GLT8D2,1.003198154,3.51086741,3.91858366,0.001114368,0.0408,-0.815
207,PPFIA2,1.098128742,2.338106313,3.900059007,0.001159961,0.042,-0.745
208,IGHV3-72,2.237590898,1.09392468,3.895479701,0.001171518,0.042102276,-0.74132303
209,IGLV8-61,3.380346284,1.654952713,3.889947387,0.001185634,0.042146832,-0.744045278
210,HOXC4,1.475653881,0.17897972,3.881570533,0.001207334,0.042445366,-0.83868322
211,SLAMF7,1.232649847,3.881765185,3.87730649,0.001218533,0.0426,-0.945
212,BRSK1,1.378366759,0.936132013,3.868505024,0.00124198,0.0429,-0.798
213,CCL3L3,2.44734856,-0.014801588,3.868324188,0.001242466,0.042920846,-0.885979679
214,HPSE2,2.011595523,2.118227497,3.867027301,0.001245961,0.043,-0.8
215,RP11-55J15.2,1.988391342,-0.310148095,3.866137874,0.001248363,0.042956602,-0.932472673
216,EYA2,1.877531235,2.447174179,3.862246998,0.001258926,0.043081188,-0.826903649
217,CD28,1.146275878,2.720068997,3.859590242,0.00126619,0.0432,-0.852
218,UPK1B,2.303349384,1.252486324,3.857948423,0.0012707,0.043245628,-0.807250173
219,COL24A1,1.300974569,3.015579602,3.853726908,0.001282371,0.0435,-0.892
220,UBD,2.606465307,2.582737197,3.838499921,0.001325369,0.044,-0.884
221,MT-CO3,1.092198803,9.479954039,3.838226217,0.001326155,0.044,-0.975
222,TMEM59L,2.117907493,0.363399658,3.826620825,0.001359916,0.044624323,-0.91614325
223,CTLA4,1.853054382,1.519221527,3.82643359,0.001360468,0.044624323,-0.865304846
224,S100B,1.347471437,1.62133901,3.823606004,0.001368826,0.0446,-0.872
225,IGHV2-26,2.791836564,1.231118347,3.808234297,0.001415177,0.04565845,-0.901547025
226,TWIST1,2.818047052,-0.156999352,3.798938919,0.001443965,0.0463,-1.02
227,CDKN2A,1.408039397,1.363457959,3.792260221,0.001465011,0.046779841,-0.930496813
228,TFAP2A,1.887221502,1.429226519,3.786145397,0.00148455,0.047,-0.942
229,SERPINB5,2.885955613,1.322749552,3.780316251,0.001503419,0.047359177,-0.953395263
230,CD8A,1.27891303,2.890316674,3.77950915,0.00150605,0.0474,-1.03
231,APOBEC3H,1.336697175,0.162880814,3.77783329,0.001511529,0.0474,-1.02
232,MEOX1,1.757223379,1.137817069,3.777830344,0.001511539,0.047371724,-0.960570223
233,SPAG4,1.076766786,2.07315491,3.776382942,0.001516287,0.0474,-0.977
234,TMPRSS4,1.682213855,4.46297193,3.747988326,0.00161251,0.049210636,-1.279555782
235,TP63,1.925616374,3.283871108,3.745097464,0.001622643,0.0493,-1.14
236,TNIP3,1.415060271,3.381841188,3.744511741,0.001624704,0.049269541,-1.156678397
237,CD24,1.470452456,6.346323322,3.739056059,0.001644026,0.0493,-1.35
238,FUT2,1.430636506,2.947932781,3.736811758,0.001652041,0.049365001,-1.121831795
239,WT1,2.489459155,1.268750527,3.71727095,0.0017235,0.050606741,-1.073198076
240,GREM1,1.02176521,4.884752264,3.710431177,0.001749236,0.0509,-1.39
241,ITIH5,1.065470415,5.938292475,3.704765921,0.001770844,0.051348947,-1.429029789
242,IGSF9B,1.478299472,2.803561318,3.681500176,0.001862414,0.0525,-1.22
243,SCG5,1.578558373,0.543770652,3.673735374,0.001894016,0.052963541,-1.176709668
244,JCHAIN,2.234430148,7.659618903,3.670518861,0.001907264,0.053033726,-1.421505425
245,CARMIL2,1.087746512,2.002639698,3.665881003,0.001926528,0.0532,-1.19
246,CNTN3,1.241720697,2.820610167,3.655297552,0.00197122,0.053851655,-1.273376304
247,PHYHIP,1.422254246,1.84867379,3.654690044,0.001973816,0.053851655,-1.205159747
248,PRDM8,1.284209164,2.10559274,3.654236628,0.001975756,0.053851655,-1.218555387
249,GPR171,1.458135334,1.881658927,3.648129905,0.002002073,0.0542,-1.22
250,DPEP1,1.990712223,0.669671659,3.646782112,0.002007929,0.0542,-1.22
251,SORCS2,1.033658434,4.292341463,3.64649185,0.002009192,0.054207419,-1.473643782
252,MMP13,2.676945675,1.285563515,3.643491485,0.002022296,0.0544,-1.21
253,WHRN,1.169150986,3.154151836,3.638365717,0.002044881,0.054586785,-1.345374727
254,ADAMTS14,1.632446495,2.448971491,3.63631948,0.002053968,0.0546,-1.28
255,PKP2,1.372902427,3.679076055,3.635973501,0.002055508,0.0546,-1.42
256,CFB,1.63711927,6.411411526,3.630442572,0.002080288,0.055009444,-1.572202176
257,CNN1,1.237527493,4.746624087,3.622595705,0.002115957,0.055557584,-1.566249826
258,CTD-2583A14.11,1.01859464,1.105973677,3.621299404,0.002121908,0.055557584,-1.254926786
259,BNC1,2.354909507,1.741253491,3.611119625,0.002169224,0.056086502,-1.285511016
260,TNS4,2.290321006,3.276423415,3.594961668,0.002246497,0.057333504,-1.449254428
261,FAIM2,1.31250745,1.889842911,3.591423435,0.002263781,0.057414905,-1.33026497
262,GFRA1,1.40665157,4.319981216,3.5887973,0.002276695,0.0576,-1.6
263,MEDAG,2.479117665,4.323560863,3.587580322,0.002282704,0.0577,-1.6
264,TPBG,1.035024377,4.060350311,3.576691603,0.002337179,0.058335871,-1.591218756
265,CTSK,1.673272027,5.347990637,3.576321832,0.002339052,0.0583,-1.69
266,FCMR,1.189806939,2.617217776,3.573611762,0.002352821,0.0585,-1.42
267,CLEC4G,1.592592225,0.448275434,3.570388328,0.002369304,0.058782927,-1.36849626
268,CCR7,1.068604132,2.307081678,3.569365652,0.002374557,0.0588,-1.4
269,MDK,1.520622807,3.716379993,3.562567763,0.002409773,0.059,-1.58
270,SLC4A7,1.062250877,5.956957058,3.561521989,0.002415237,0.059005318,-1.729053703
271,IGDCC4,1.541213033,2.187225431,3.550235159,0.002474994,0.059681988,-1.428419725
272,CCL11,1.473158905,0.591929123,3.542664976,0.002515896,0.060277898,-1.411895268
273,CXCR4,1.199129619,5.507715432,3.539548474,0.00253293,0.060452591,-1.774828637
274,DOK5,1.288017143,0.648161034,3.53393591,0.002563895,0.060760573,-1.425730777
275,SFRP4,1.244548081,4.397445469,3.533661793,0.002565417,0.060760573,-1.719797511
276,FABP3,1.381598331,3.37213639,3.520929286,0.002637111,0.061673935,-1.613112394
277,CPNE7,1.261173471,0.88887033,3.514160965,0.002676029,0.062349125,-1.456578322
278,LIME1,1.030870208,2.421927472,3.509293695,0.002704368,0.062360458,-1.527660619
279,HAS1,2.987602824,2.370645828,3.502614708,0.002743742,0.062748778,-1.536519566
280,IGKV3D-15,3.255354822,-0.594465209,3.499380053,0.002763016,0.063,-1.58
281,TNFSF8,1.002609595,2.953411523,3.492674016,0.002803402,0.063105362,-1.616291168
282,IGHGP,2.182982707,-0.069511394,3.489045939,0.002825496,0.0634,-1.55
283,PDK4,1.597776076,6.970551377,3.484693693,0.002852228,0.063548881,-1.848494787
284,COLEC11,1.165952376,1.944655036,3.484499471,0.002853427,0.0635,-1.54
285,FOXP3,1.203978626,0.576188347,3.48333,0.002860655,0.0635,-1.52
286,OR2I1P,2.921888123,0.0339806,3.47633057,0.002904302,0.0643,-1.56
287,IGKJ1,2.09477178,-0.052145412,3.474856993,0.002913575,0.0644,-1.57
288,FGF14,1.077932935,4.02910094,3.473320848,0.002923273,0.0645,-1.8
289,AC233755.1,3.383967211,0.205299428,3.47089579,0.002938648,0.0647,-1.56
290,OMD,1.044595408,2.744604868,3.459775613,0.003010184,0.0657,-1.66
291,HLA-DOB,1.033131024,1.933025985,3.450377974,0.003071985,0.0667,-1.61
292,TRPA1,1.133635338,1.835577247,3.44715278,0.003093483,0.0669,-1.61
293,BIRC3,1.101132863,6.339966145,3.438514425,0.003151802,0.0676,-1.98
294,RP11-611O2.3,1.157249042,2.876670829,3.427831472,0.003225435,0.067911683,-1.737577577
295,GOLM1,1.117564584,5.56303275,3.4270202,0.003231095,0.0679,-2.01
296,LEF1,1.058059825,3.051133583,3.426868859,0.003232153,0.067911683,-1.761264771
297,MMP1,3.758702141,3.356104362,3.419080521,0.003287019,0.068710752,-1.818376409
298,EREG,1.4936344,3.727302641,3.403302314,0.003401017,0.0701,-1.9
299,IGHJ2,2.517120782,-0.715650275,3.401622037,0.003413385,0.0701,-1.76
300,SLC4A3,1.143048391,1.99319645,3.401065547,0.003417491,0.070143347,-1.707382326
301,MXRA5,1.307670572,6.283763762,3.396601018,0.003450611,0.0706,-2.06
302,PLPPR4,1.267770219,2.896591239,3.395322886,0.00346015,0.0707,-1.81
303,DIRAS3,1.133161075,1.599332938,3.393406248,0.003474505,0.070741263,-1.699010029
304,MT1E,1.506308413,4.750998215,3.388348038,0.003512673,0.071068427,-2.054169906
305,STEAP2,1.28251862,5.609902343,3.388122881,0.003514381,0.071068427,-2.091805799
306,TDO2,1.808862228,2.395505466,3.383498683,0.003549654,0.0716,-1.77
307,KRT17,3.292660102,4.732299844,3.380373189,0.003573693,0.071689512,-2.069197326
308,MROH7-TTC4,1.898112793,0.244194702,3.379824495,0.00357793,0.0717,-1.72
309,HORMAD1,1.243950257,0.98383792,3.378638654,0.003587103,0.071792403,-1.70774167
310,GADD45A,1.103564575,4.258556074,3.377717125,0.003594248,0.0718,-2.03
311,RP11-677N16.1,1.4364754,0.810526966,3.373971683,0.003623433,0.072156418,-1.715627097
312,NELL1,1.76918872,0.888180638,3.363080962,0.003709632,0.073077791,-1.735791628
313,IGLV3-1,2.407004128,3.977092338,3.359598644,0.00373762,0.073448349,-2.028056453
314,IGHV3-11,2.511985438,2.532892628,3.357654826,0.003753334,0.073448349,-1.839015469
315,IGLV7-43,2.365766983,0.766231792,3.35411954,0.00378208,0.073879543,-1.75215188
316,UPK3BP1,1.844562086,-0.900056448,3.347574467,0.003835876,0.0745,-1.87
317,TNFRSF10C,1.148345467,4.168496714,3.345495621,0.00385312,0.0745,-2.08
318,VSNL1,1.153497322,2.105567275,3.340753945,0.00389274,0.074828969,-1.833282926
319,CALB2,1.713015648,1.995542553,3.340485249,0.003894997,0.0748,-1.83
320,PCDH19,1.47847194,0.752621998,3.320582208,0.004065837,0.076243899,-1.813527863
321,NTRK2,1.336885718,3.601009389,3.320274729,0.004068534,0.0762,-2.05
322,POU2AF1,1.250463683,4.848617455,3.31926645,0.004077389,0.076243899,-2.204308695
323,IGHV3-73,2.190578893,1.28640761,3.31905717,0.004079229,0.0762,-1.83
324,HSPA7,1.184924926,3.15697103,3.308177179,0.004176039,0.076917348,-2.014731545
325,CRLF1,1.743246858,3.294652469,3.30478041,0.004206726,0.077079142,-2.041180214
326,IGHV4-31,2.734520105,1.247916635,3.286923465,0.004371743,0.078678197,-1.885578855
327,IGF2,1.230212633,4.983370691,3.284398472,0.004395586,0.078882667,-2.285018909
328,COL7A1,1.826508214,4.389018036,3.278076973,0.004455843,0.079,-2.25
329,RP11-316K19.3,1.26264148,-0.313600251,3.258592106,0.004646745,0.0807,-1.96
330,CPXM2,1.134353916,3.81814799,3.258565403,0.004647012,0.080684024,-2.21215713
331,SLAMF1,1.154584624,2.678605964,3.256675337,0.004665954,0.080876536,-2.055331938
332,MTRNR2L11,1.084335367,11.11212493,3.255735965,0.004675397,0.0809,-2.08
333,ARHGDIG,1.151905838,0.839037908,3.245238887,0.004782203,0.0823,-1.95
334,ABCD2,1.015091166,1.876240932,3.243442003,0.004800725,0.082521054,-2.004485374
335,SCAMP5,1.006995269,2.106934273,3.236428597,0.004873698,0.0829,-2.04
336,UBASH3A,1.006825622,2.116126919,3.228587876,0.004956572,0.083579301,-2.052549526
337,DIRAS1,1.407342069,0.021347267,3.217295814,0.005078368,0.08485071,-2.012854567
338,PCSK1,1.174701702,2.357004767,3.216061617,0.005091857,0.0849,-2.1
339,BDKRB1,1.705625342,1.964931945,3.214805102,0.005105627,0.085,-2.07
340,HSPB6,1.243407341,3.232173238,3.213887353,0.005115707,0.0851,-2.21
341,IGHV3-53,2.46388144,1.100088471,3.211824023,0.005138441,0.0853,-2.02
342,CTHRC1,1.212398696,2.96322528,3.20174499,0.00525093,0.08601957,-2.200908238
343,DSG3,2.06564586,1.58977572,3.201224704,0.005256802,0.08601957,-2.065412977
344,AREG,1.640137451,5.22759842,3.199440578,0.005276987,0.086247921,-2.472115564
345,IGFBP5,1.459463506,8.313292553,3.193280614,0.005347265,0.086787001,-2.365852172
346,SYTL3,1.060357992,4.999717456,3.191672057,0.005365768,0.0869,-2.48
347,BDKRB2,1.763095639,3.460854406,3.191014742,0.005373347,0.086864825,-2.295304577
348,TRIM2,1.019937586,6.687619037,3.188527193,0.005402125,0.0871,-2.48
349,KRT14,2.873947052,0.581754517,3.178954509,0.005514287,0.0883,-2.07
350,SH2D2A,1.008208758,2.082774031,3.176369436,0.005544967,0.088605233,-2.150809143
351,VCAM1,1.605312135,5.252234392,3.175365042,0.005556932,0.08869693,-2.522473387
352,VSIG1,1.568889591,2.490169949,3.172802125,0.005587578,0.088752866,-2.19873569
353,IGKV1-27,2.935016422,2.314497545,3.17068421,0.005613029,0.089081115,-2.183973812
354,BCHE,1.090338094,3.939269159,3.165391112,0.005677134,0.08975416,-2.418926683
355,SYT7,1.031917248,2.363854796,3.165193219,0.005679545,0.08975416,-2.199810559
356,NDP,1.682607625,2.677656406,3.155283339,0.005801552,0.091063826,-2.255433881
357,CH25H,1.391017702,3.162934158,3.152449089,0.005836917,0.0912,-2.33
358,STEAP1,1.572430467,2.955151325,3.14418405,0.005941258,0.0923,-2.31
359,VIPR2,1.32481433,1.703662355,3.143275198,0.005952843,0.0923,-2.18
360,SLC7A5P1,1.032210819,0.078061317,3.142451648,0.00596336,0.092374882,-2.140788164
361,HABP2,2.255390124,0.863905273,3.138891888,0.006009027,0.092443371,-2.147115142
362,SLED1,1.271152593,1.694177412,3.135082337,0.006058279,0.0924,-2.2
363,MIXL1,1.052717654,0.910154315,3.119894078,0.006258603,0.0941116,-2.183224845
364,SLC6A1,1.09377114,1.738660979,3.112449245,0.006359153,0.094933434,-2.244866782
365,TUBB3,1.550154549,2.893385024,3.106357525,0.006442603,0.0958,-2.38
366,SCG2,1.069412655,1.541581919,3.092184209,0.006640933,0.097354897,-2.268519218
367,PVRIG,1.047706221,1.032599612,3.090795493,0.006660684,0.097518117,-2.241268847
368,NLRP3,1.365840985,4.372978948,3.085101478,0.00674227,0.098365281,-2.638771567
369,TPSD1,1.9037221,1.869060584,3.084272627,0.006754227,0.098462565,-2.309161561
370,OTX1,2.111699989,-0.033997249,3.082739626,0.006776398,0.098631288,-2.246937819
371,AC011330.5,2.997840045,0.246690272,3.081056355,0.006800823,0.0989,-2.24
372,AC108938.5,1.020195218,0.698149538,3.078785637,0.006833909,0.099,-2.25
373,SLC23A1,1.174404788,1.480777834,3.066733922,0.007012165,0.100157411,-2.312036444
374,RP11-460N11.2,1.122344542,1.70536664,3.066171056,0.0070206,0.100157411,-2.330068071
375,ELOVL2,1.331434496,0.839547312,3.05443665,0.007198734,0.101,-2.3
376,IGKV6-21,2.799765969,-0.007827191,3.054228676,0.007201931,0.101,-2.3
377,KLHL13,1.158018405,2.422372959,3.048662167,0.007288008,0.102,-2.43
378,WTAPP1,1.221336197,1.413507739,3.039143246,0.007437536,0.103303928,-2.358936642
379,IGHV1-69,3.52976045,1.990085807,3.037539557,0.00746302,0.103307526,-2.409179637
380,AP000275.65,2.250344182,0.764609935,3.035943456,0.007488469,0.103,-2.33
381,NUDT10,1.339195846,-0.128435038,3.03350919,0.007527445,0.103570515,-2.333645657
382,PTGDS,1.136503351,6.032029467,3.029934507,0.007585039,0.103978706,-2.824940082
383,SPTBN2,1.007902481,4.596753874,3.024887542,0.007667087,0.104487914,-2.784593739
384,INHBB,1.469009982,3.016282274,3.021225502,0.007727162,0.104651543,-2.565751907
385,FOXL1,1.336395253,1.231853965,3.015687742,0.00781888,0.105057413,-2.390394251
386,PTGER3,1.166002206,2.785197557,3.011273097,0.007892757,0.106,-2.55
387,SAMSN1,1.306090702,5.203026917,3.01010922,0.007912347,0.106,-2.86
388,P2RX5,1.269674342,1.359623997,3.009678902,0.007919602,0.105652416,-2.410040966
389,FAM83B,2.279504386,0.796062714,3.008356857,0.007941932,0.106,-2.38
390,ZNF695,1.076886827,2.133167402,3.007557416,0.007955464,0.105652416,-2.480524775
391,SPDYE8P,1.099559223,0.286181162,3.007475744,0.007956848,0.105652416,-2.373505972
392,AVPR1A,1.441733966,2.152308471,3.005465228,0.007990986,0.105905272,-2.486499854
393,FGF11,1.262668079,1.455013738,3.005349367,0.007992958,0.105905272,-2.425004941
394,IGLV3-27,2.368449317,0.355498963,2.998540637,0.008109661,0.107,-2.39
395,HRC,1.201891498,0.933456949,2.997369167,0.008129906,0.107,-2.41
396,CTD-2370N5.3,1.251987868,1.160932167,2.997135513,0.00813395,0.107,-2.42
397,ARRDC5,1.414907523,0.10244002,2.996494839,0.008145049,0.106821868,-2.393040403
398,DTX2P1,1.113062983,2.395880424,2.993601021,0.008195364,0.107,-2.54
399,RP11-274J7.3,1.274935437,0.466121244,2.992354301,0.008217134,0.107126445,-2.401806148
400,RGS2,1.100110923,6.716678943,2.989970031,0.008258924,0.107516176,-2.878034806
401,FOXI2,1.235339354,0.480704784,2.98197847,0.008400512,0.109,-2.42
402,LEP,1.176703496,0.585845022,2.979093971,0.008452195,0.109007261,-2.427827322
403,MUC5B,3.743798822,6.032798169,2.972269491,0.008575709,0.110144226,-2.941416316
404,FAT2,1.730490131,4.02795804,2.964868337,0.008711645,0.111378985,-2.835089985
405,FMO1,1.364362568,1.737492659,2.956905087,0.008860246,0.111921361,-2.53896189
406,IGKV2D-28,2.943863585,1.488135128,2.950210129,0.008987084,0.112547972,-2.530294398
407,CCL18,2.246028145,6.022168915,2.948347553,0.009022684,0.113,-2.99
408,ASB2,1.036868782,2.242548152,2.947415111,0.009040557,0.112800951,-2.607275385
409,MAGED4,1.023709806,1.981233387,2.946350925,0.009060998,0.112867132,-2.581767939
410,SLC5A5,1.494418482,2.435527729,2.94543178,0.009078689,0.11297385,-2.633755888
411,BAAT,1.027787219,1.821830535,2.940902167,0.009166363,0.113521705,-2.576743442
412,IGKV2-24,2.154670199,1.654473648,2.939698761,0.009189794,0.114,-2.56
413,RP11-995C19.2,1.165627915,0.010102658,2.939164217,0.009200221,0.113548932,-2.492136511
414,AC009950.1,2.949710577,1.247252152,2.937777394,0.009227325,0.114,-2.54
415,AC129778.2,1.145467595,0.42370554,2.93377731,0.009305937,0.114,-2.5
416,ZDHHC4P1,1.390057373,-0.110939574,2.92370004,0.009506878,0.11612864,-2.519583236
417,HDAC1P2,1.159810648,-0.155954103,2.915559629,0.009672268,0.117485046,-2.533924737
418,SERPINB13,2.120660695,0.735284375,2.913171669,0.009721312,0.118,-2.55
419,F2RL2,1.016022861,2.231872147,2.911858623,0.009748382,0.118,-2.67
420,RP1-261D10.1,1.041693495,0.565765447,2.9098694,0.009789532,0.118230186,-2.549963114
421,PTHLH,1.090103807,0.722625078,2.90586438,0.009872892,0.118653171,-2.562880261
422,ARHGAP40,1.36213423,1.13343617,2.901146192,0.00997198,0.119292548,-2.594127356
423,GPR87,2.723112653,0.267165122,2.893754743,0.010129152,0.120104645,-2.57125031
424,TMEM132C,1.783998166,1.793633786,2.892030358,0.010166163,0.120313601,-2.665847322
425,RP11-466H18.1,4.764514978,0.208442076,2.890120913,0.010207299,0.120494031,-2.576770642
426,CPA3,1.183188491,5.917622673,2.889197788,0.010227245,0.12065297,-3.110094673
427,P2RY10,1.128666107,1.410654995,2.887424442,0.010265666,0.121,-2.64
428,GABBR2,1.224626544,2.100385021,2.879609926,0.010436647,0.122,-2.72
429,PRKXP1,1.458828831,0.066708744,2.879241457,0.010444777,0.122,-2.59
430,IL24,1.393045339,0.999901391,2.87635867,0.010508594,0.122,-2.63
431,XPNPEP2,1.423739444,2.094081824,2.875516308,0.010527313,0.123,-2.73
432,PLA2G2A,2.323250178,3.241792924,2.871060263,0.010626873,0.123,-2.9
433,SPESP1,1.007649202,0.278459157,2.869044331,0.010672214,0.122969432,-2.614199238
434,APCDD1,1.115691413,4.836698514,2.868937861,0.010674613,0.122969432,-3.118005653
435,FST,1.628119297,2.892835007,2.854060746,0.011015126,0.125417483,-2.872821696
436,ANK2,1.037605062,5.843148128,2.852193407,0.011058601,0.126,-3.18
437,SPOCK3,1.613237319,0.306167615,2.851339695,0.011078533,0.126,-2.65
438,MTRNR2L7,1.088307397,0.1018303,2.850484448,0.011098535,0.125592365,-2.643679987
439,PSCA,2.163448922,0.815837406,2.848495974,0.011145176,0.125592365,-2.669639706
440,IVL,2.216221868,0.275061784,2.8466879,0.011187749,0.125691695,-2.65275744
441,IGLV5-45,1.620292246,0.523105893,2.842017678,0.011298445,0.126,-2.67
442,SLC4A11,1.617685648,2.237856289,2.84112987,0.011319608,0.126460187,-2.808750171
443,PWP2,1.85473883,2.411016865,2.840942322,0.011324083,0.126460187,-2.830373763
444,IGFL2,1.086744279,1.785175242,2.835907386,0.011444874,0.127491488,-2.769793563
445,BRINP3,1.03068001,1.185340041,2.833014344,0.011514841,0.127827056,-2.721765615
446,PAPPA2,1.400721046,2.49981931,2.831820669,0.011543831,0.127827056,-2.85930175
447,DTHD1,1.572409543,4.614173091,2.831696419,0.011546852,0.128,-3.17
448,SLC27A2,1.851413329,2.442312889,2.83057199,0.011574231,0.127948862,-2.854109052
449,TSPAN11,1.182973287,3.963925872,2.829804508,0.011592954,0.12800382,-3.092936534
450,GRIA3,1.050892743,1.9298343,2.829448866,0.011601641,0.128,-2.8
451,CD1A,1.6533108,0.148374831,2.816997909,0.011909735,0.130036145,-2.701424278
452,DES,1.269326006,6.496111589,2.815236477,0.011953954,0.13,-3.24
453,LGALS7B,2.978887081,-0.692448675,2.811919707,0.012037648,0.130698397,-2.717202587
454,MMP2,1.005997928,8.206668617,2.8108902,0.012063741,0.130812271,-3.137316564
455,ARX,1.298301068,0.233227894,2.802084009,0.012289177,0.132393124,-2.72857296
456,ADAMTS19,1.782198084,0.4924521,2.801568651,0.012302495,0.132,-2.74
457,IGKV3OR2-268,1.711147738,-0.222091084,2.797938112,0.012396712,0.133012794,-2.731315149
458,AKR1D1,1.374717597,0.030206357,2.795414595,0.01246261,0.133239988,-2.736478768
459,RP4-809F18.1,1.78099725,-0.525272636,2.792321855,0.012543834,0.133,-2.74
460,ASIC1,1.048309617,1.470705999,2.791846079,0.012556374,0.133352776,-2.821028973
461,ITGA7,1.025841044,3.860541474,2.791137188,0.012575081,0.133389007,-3.152667578
462,IGLV2-18,1.856259828,0.388089147,2.788664368,0.012640547,0.133854623,-2.756027987
463,MUC16,2.570103236,6.065324084,2.788053545,0.012656769,0.133923908,-3.308107877
464,CHL1,1.368200782,4.90621846,2.785595855,0.012722241,0.13410942,-3.288114459
465,KRT5,3.13589599,4.178583772,2.783648655,0.012774345,0.134430305,-3.214763723
466,ADH6,1.097350466,1.574135437,2.773799646,0.013041056,0.136,-2.86
467,CEL,1.348030145,0.506490739,2.772426546,0.013078663,0.136,-2.79
468,RASAL1,1.090666949,1.480180595,2.765130163,0.013280256,0.137,-2.87
469,ERN2,1.363921588,3.609017882,2.762278317,0.01335986,0.137559271,-3.167625378
470,WIPF3,1.157799194,1.999706077,2.759607988,0.013434814,0.138,-2.93
471,UGT1A6,2.244989218,2.03558892,2.759591023,0.013435292,0.138,-2.94
472,STRA6,1.5281914,1.982600682,2.755645409,0.013546787,0.138,-2.94
473,CLDN1,1.256515449,4.929230252,2.751635015,0.013661024,0.139,-3.36
474,KRT15,1.759183887,4.546917784,2.74775886,0.013772317,0.139567479,-3.330531362
475,LY6D,2.646066319,-0.23878931,2.742964195,0.01391119,0.14051585,-2.822344512
476,ACTG2,1.240912885,4.747780783,2.737125109,0.014082131,0.141,-3.37
477,ANGPTL4,1.443034379,3.193598572,2.723418913,0.01449135,0.1434952,-3.172036289
478,JAKMIP1,1.233339549,1.638560952,2.722401764,0.01452217,0.144,-2.96
479,CCL4L2,1.35091633,0.747022917,2.717861081,0.014660521,0.14432589,-2.896541158
480,ENTPD2,1.123168623,0.082860994,2.716514822,0.014701783,0.145,-2.87
481,ESPN,1.484951899,1.970648762,2.709651346,0.014913883,0.145610362,-3.023539921
482,PNCK,1.449463359,0.22096358,2.695969158,0.01534549,0.148016395,-2.909062009
483,C7,1.201889022,8.846645978,2.69411512,0.015404889,0.148,-3.32
484,IGKV2D-29,1.564140433,1.211222193,2.693300376,0.015431062,0.148380497,-2.975661696
485,VAT1L,1.259179734,1.074241333,2.688063483,0.015600308,0.149,-2.97
486,GFPT2,1.436296404,4.779698164,2.687146081,0.015630139,0.149406555,-3.470836588
487,RP1-223H12.5,1.044027977,-0.253586605,2.686059118,0.015665554,0.149553823,-2.915851518
488,GJB2,1.684593169,0.760988273,2.68400609,0.015732656,0.15,-2.96
489,TRIM55,1.32482822,0.285538003,2.680321555,0.015853773,0.14988558,-2.937934267
490,CKMT1B,1.379673913,1.353995505,2.679797817,0.015871061,0.14988558,-3.01320458
491,GYG2,1.046830546,1.416948197,2.669649907,0.016209627,0.151243257,-3.037633022
492,THBS2,1.155508115,6.40854334,2.662248674,0.016460901,0.152988588,-3.542228792
493,HDC,1.258673124,3.484562121,2.659866237,0.016542576,0.153,-3.34
494,CPNE5,1.068630379,2.328944029,2.657904654,0.016610113,0.153761249,-3.163272529
495,IGHV4-4,2.105518022,2.061318558,2.65597835,0.016676693,0.153883726,-3.132975814
496,DPYS,1.510389572,1.216178877,2.654373563,0.016732354,0.154,-3.05
497,SELE,2.035234673,4.329582292,2.653100654,0.016776631,0.153883726,-3.488548703
498,TSSK1B,1.501535972,-0.481749478,2.651196424,0.016843077,0.154,-2.97
499,BHLHA15,1.08102479,0.676806754,2.640777048,0.017211123,0.155761922,-3.026182088
500,EBF3,1.185349091,0.610820221,2.637446845,0.017330369,0.157,-3.03
501,PCDHA6,1.163586979,0.591411428,2.633058521,0.017488707,0.156980976,-3.034050003
502,SNX29P1,1.002303208,0.227702398,2.628716521,0.017646734,0.157333138,-3.022793689
503,NPIPA7,1.144780086,1.161863262,2.614314785,0.018180694,0.159,-3.11
504,PZP,1.023622937,4.055181544,2.613328939,0.018217803,0.159,-3.53
505,CHIT1,2.344115995,3.921550968,2.606624492,0.018472095,0.160570112,-3.518251704
506,RP11-814E24.1,2.164916247,0.755854372,2.606132912,0.018490873,0.160570112,-3.091563504
507,ANKRD18CP,1.353134474,0.887255544,2.605878996,0.018500579,0.160570112,-3.102157543
508,GFRA3,1.726883473,-0.599650566,2.602542516,0.018628573,0.161225445,-3.049259355
509,MMP12,1.968341816,0.329149247,2.60116177,0.018681788,0.161,-3.07
510,RASD2,1.113888385,1.12531208,2.598658404,0.018778638,0.161919002,-3.135614027
511,CLCA2,2.297473109,2.106496912,2.590370944,0.019102687,0.164,-3.26
512,SPSB1,1.013958867,5.012734403,2.586473525,0.019256915,0.164,-3.68
513,CCL17,1.680461056,0.668573804,2.586375402,0.019260813,0.164,-3.12
514,AC141272.1,2.440691182,-0.960087157,2.584464902,0.019336862,0.164,-3.08
515,LYPD3,1.035771266,0.230117466,2.584225227,0.019346422,0.164,-3.1
516,SMOC1,1.137041247,1.701446062,2.580715602,0.019486936,0.164894909,-3.227951302
517,CAPN13,1.662996829,4.96553116,2.579723422,0.019526835,0.165,-3.69
518,NLRP14,1.492812399,-0.062000693,2.579300953,0.019543848,0.165,-3.09
519,THEMIS,1.032052083,2.725433991,2.577983421,0.019596995,0.165300255,-3.369100177
520,IGHV1-3,3.307678329,2.418272978,2.574266022,0.019747691,0.166119757,-3.329818341
521,PLP1,1.250238537,0.417714299,2.570493565,0.019901746,0.167,-3.13
522,WNK2,1.635210508,2.391755073,2.566460263,0.020067715,0.168,-3.34
523,RPL32P29,1.760205816,-0.519488542,2.562523175,0.020230994,0.168,-3.11
524,CYP2F1,1.617662696,1.982932458,2.561857884,0.020258709,0.168446296,-3.295037024
525,LAMP5,1.389974617,0.751506664,2.561621016,0.020268586,0.168446426,-3.167901942
526,MYO3B,1.145817243,2.396739162,2.559831841,0.020343335,0.168841515,-3.353201257
527,CYP24A1,3.272056103,2.007840113,2.554979571,0.020547375,0.17,-3.31
528,IL13,1.877135863,-0.277532438,2.553711225,0.020601029,0.170002112,-3.130490301
529,HHLA2,1.371461643,3.262936467,2.549799042,0.020767363,0.170611311,-3.512013588
530,MMP3,1.725569339,0.025479244,2.537058669,0.021317924,0.173298899,-3.166812397
531,VWCE,1.062787808,1.379905264,2.535303024,0.021394869,0.174,-3.27
532,RP11-823P9.3,1.095565319,2.053877422,2.532384319,0.021523371,0.174,-3.36
533,RPL21P135,1.027937721,0.972023913,2.530666003,0.021599366,0.174,-3.24
534,ESPNP,1.330321608,0.295852474,2.527819181,0.021725829,0.175,-3.19
535,BARX2,1.21596861,1.237081707,2.527336645,0.021747334,0.174753469,-3.27180006
536,RGS4,1.37241303,2.363620815,2.523409435,0.021923109,0.175,-3.41
537,THSD7B,1.278244589,1.560150353,2.52248789,0.02196455,0.175323676,-3.315754512
538,PAX9,1.682809199,2.028808496,2.522155884,0.021979498,0.175323676,-3.372341903
539,MNS1,1.229941441,2.949667296,2.513760566,0.022360708,0.177134866,-3.524421513
540,C12ORF75,1.045486259,3.065319028,2.510394003,0.022515326,0.177524182,-3.550500001
541,MUC4,1.833962045,5.77661426,2.50763527,0.022642783,0.178,-3.85
542,RP11-470B22.1,1.263958539,-0.434113419,2.503176209,0.022850241,0.179,-3.21
543,SERPINB3,3.303479824,1.186334899,2.498457398,0.023071742,0.18,-3.32
544,BATF,1.005024655,2.740841711,2.498158751,0.023085829,0.179743113,-3.518392359
545,MUC6,1.770533997,2.733344836,2.494907355,0.023239718,0.18,-3.52
546,LIPN,1.526453305,0.591045156,2.494662394,0.023251351,0.18,-3.27
547,ADGRB2,1.121337074,2.011411078,2.491456244,0.023404121,0.181,-3.43
548,SLX1B,1.154582446,1.022999979,2.485056869,0.023711886,0.182,-3.32
549,DNAJC12,1.329143789,1.352814518,2.479437768,0.023985275,0.18322112,-3.367977618
550,CP,2.02608738,5.804871141,2.4683806,0.024531959,0.1855262,-3.928346952
551,TUSC5,1.649436978,-0.767608275,2.467603004,0.024570844,0.185609561,-3.258979751
552,KLHDC8A,1.125679238,0.18603001,2.460858477,0.024910563,0.187,-3.3
553,IL9R,1.056057257,1.105797568,2.452336226,0.025346162,0.188964421,-3.388055573
554,RP11-617J18.1,1.050815597,0.917876074,2.450082409,0.025462557,0.19,-3.37
555,CADM3,1.006911752,3.289856883,2.447939591,0.025573686,0.19,-3.71
556,C21ORF33,1.503855669,2.539302057,2.446047112,0.025672213,0.19,-3.58
557,LRRC17,1.064309487,2.610594285,2.444866168,0.025733876,0.190179372,-3.594292949
558,EGR3,1.237877631,4.063072691,2.44411598,0.02577312,0.190250154,-3.846046564
559,ADIPOQ,1.221069532,2.190003868,2.43323738,0.026348572,0.193,-3.55
560,GALNT9,1.538963961,1.15491018,2.431385112,0.02644775,0.193,-3.43
561,MYT1,1.1775001,0.435302979,2.430307358,0.026505619,0.193379175,-3.36553645
562,MAGED4B,1.761540449,1.769628828,2.420680168,0.027027849,0.195778381,-3.52018759
563,DACH2,1.590735106,0.123128761,2.419083146,0.02711541,0.196,-3.36
564,ONECUT1,2.020357084,0.768246102,2.417459602,0.027204699,0.196150501,-3.414149741
565,TSPAN8,1.082003725,3.574895051,2.415949929,0.027287973,0.19643964,-3.815448617
566,ZIC3,1.361274939,-0.27718665,2.408835018,0.027683669,0.198,-3.36
567,ASTN1,1.099733235,1.849139397,2.408125227,0.027723438,0.19766355,-3.552196501
568,CNGA3,1.232547357,0.496817619,2.405991571,0.02784331,0.198214553,-3.410317717
569,NHLH2,1.197814092,0.366715454,2.398313438,0.028278716,0.19982857,-3.413225971
570,TBX18,1.499300978,0.918511546,2.39825624,0.028281983,0.19982857,-3.460858188
571,ANTXRLP1,1.293568411,-0.203469702,2.394092976,0.02852076,0.200121615,-3.387452089
572,AGT,1.023121035,1.729046247,2.390807775,0.028710511,0.201,-3.57
573,FOSL1,1.550371955,2.844206695,2.390612837,0.028721808,0.20055708,-3.730508579
574,MT2A,1.429617143,6.286119033,2.388908201,0.028820769,0.200738161,-4.065276687
575,GATA4,1.452714162,-0.063750457,2.380679418,0.029302997,0.202065182,-3.4152841
576,MMP10,2.855890214,0.783966197,2.378823193,0.029412817,0.202,-3.48
577,SPP1,2.720753347,4.523319198,2.377106212,0.029514742,0.202972453,-4.032216476
578,TIGIT,1.071810633,2.473992701,2.37111176,0.02987319,0.204268597,-3.704788558
579,ABCA12,1.194613007,2.123083808,2.366203328,0.03016973,0.205,-3.66
580,CD207,1.243097982,0.82748001,2.363253732,0.03034925,0.205400344,-3.510474869
581,LINC00643,1.059216309,2.783279757,2.348077158,0.031288846,0.208,-3.8
582,C15ORF48,1.252028466,1.504056183,2.341341763,0.031714493,0.21,-3.62
583,AL513122.2,1.873761305,5.528104246,2.338216843,0.031913805,0.21,-4.17
584,LIF,1.235943743,4.292675803,2.337011874,0.031990972,0.21,-4.08
585,SPDYE10P,1.699237002,1.88912021,2.336953439,0.031994718,0.210241325,-3.68140516
586,GSTT2,2.164525423,-1.171814737,2.335362845,0.032096859,0.210318592,-3.454412903
587,CCDC170,1.322076525,4.823421122,2.334494511,0.032152747,0.210460436,-4.139782536
588,AADACL2,1.635527369,1.582903485,2.331727847,0.032331425,0.211112523,-3.650889068
589,CYP2A7,1.097297544,0.779658328,2.331311177,0.032358414,0.211,-3.56
590,MTCO1P15,1.03678536,-0.199332569,2.331133415,0.032369935,0.211141806,-3.486501075
591,CAPN6,1.330107763,0.913499831,2.327455327,0.032609175,0.211959638,-3.578894526
592,TSHR,1.108408789,1.112280664,2.323435799,0.03287251,0.213,-3.61
593,TPSB2,1.098436576,5.48771562,2.321191299,0.033020417,0.213,-4.2
594,SEZ6,1.008098114,1.418833248,2.313099791,0.033558795,0.21579638,-3.661965021
595,BPIFB1,3.343255101,6.231781196,2.3064417,0.03400792,0.217258561,-4.218439351
596,CYP11A1,1.395707905,1.085181643,2.304660664,0.034129007,0.217808123,-3.635878217
597,CLCNKB,1.462066247,-0.397410205,2.303656771,0.034197435,0.217933207,-3.519805735
598,CCDC146,1.250604022,4.732517597,2.298153587,0.034574821,0.219064017,-4.19788896
599,RP11-473P24.2,1.003973253,-0.328303378,2.294192128,0.034848876,0.22,-3.54
600,COL6A4P2,1.095924048,0.571972163,2.291183163,0.035058387,0.22,-3.6
601,RP11-1109M24.13,1.69775871,-0.354749458,2.290178483,0.035128602,0.221,-3.54
602,VTCN1,1.505559677,1.764174544,2.288266955,0.035262556,0.221175117,-3.74864319
603,PRSS2,2.21916768,-0.779411343,2.286294741,0.035401261,0.222,-3.53
604,TRPV6,1.189367552,2.128817196,2.285921958,0.035427535,0.222,-3.8
605,RBM22P2,1.078177802,0.9215403,2.282205426,0.035690477,0.222092257,-3.654676818
606,ACTBL2,1.939686368,-0.729394867,2.275115368,0.036197128,0.224,-3.55
607,C4ORF47,1.244029966,1.413609647,2.272580112,0.036379912,0.224,-3.73
608,AQP6,1.232540502,0.521733461,2.268850572,0.036650357,0.225747817,-3.636158417
609,FGF8,1.011849343,-0.17306089,2.268355315,0.03668641,0.226,-3.59
610,FAM90A2P,1.634334254,0.272546391,2.268238287,0.036694934,0.226,-3.62
611,MC2R,1.253338945,2.405471271,2.263882823,0.037013488,0.227,-3.88
612,AC005281.1,1.330223976,1.416310402,2.25894542,0.037377706,0.228,-3.75
613,SERPINB2,2.370029979,1.869176398,2.258864073,0.037383734,0.227653122,-3.812798346
614,SCGB3A1,2.104131457,7.444408951,2.257456447,0.037488193,0.228065427,-4.232638421
615,ATP1A2,1.103872268,3.473828754,2.254409033,0.037715268,0.228800238,-4.087737818
616,WFDC2,1.209479919,4.908103468,2.249842068,0.038057958,0.229845749,-4.299572531
617,NPIPB6,1.332568422,0.518041772,2.249499687,0.038083765,0.23,-3.67
618,EDN2,1.400770374,-0.244823984,2.247847226,0.038208547,0.23,-3.61
619,HP,1.416208141,5.953545812,2.24572211,0.038369578,0.230375933,-4.335474521
620,CPA4,1.300235403,1.911997155,2.243759518,0.038518852,0.230642313,-3.84434233
621,HNF4G,1.113290105,1.330343579,2.239238146,0.038864794,0.231493982,-3.774781199
622,IGSF9,1.11692968,2.909610282,2.235967145,0.039116856,0.232,-4.02
623,RAB3C,1.192141491,1.630041749,2.233782375,0.039286056,0.232395683,-3.823115532
624,FRMPD2B,1.391116997,0.536714043,2.230138845,0.039569736,0.233,-3.7
625,TRIM29,1.459904225,3.818588084,2.227757538,0.039756163,0.233912999,-4.197508203
626,HMCN2,1.108476413,3.978460908,2.224280991,0.040029793,0.234411644,-4.230866951
627,SVOPL,1.110034991,0.971661292,2.218957513,0.040452164,0.235932505,-3.764024187
628,S100A2,2.33738647,2.901921426,2.214651261,0.040796834,0.237335585,-4.051138522
629,NR4A3,1.338265414,5.396921168,2.212524522,0.040968056,0.238,-4.39
630,MESTP1,1.024575792,1.373324219,2.208636853,0.041282765,0.238967646,-3.831111014
631,PLA2G2D,1.000387677,2.09134728,2.201131534,0.041896642,0.240873344,-3.94190992
632,TMEM132E,1.444262119,-0.132991192,2.196407581,0.04228733,0.242,-3.7
633,CNTFR,1.109932218,0.908139008,2.19332606,0.042543989,0.242192325,-3.79820294
634,RHOV,2.043767975,1.380459016,2.192601865,0.042604515,0.242239735,-3.858521765
635,KLK12,2.028966064,-0.276528181,2.180607457,0.043618576,0.245540794,-3.713182902
636,SPACA9,1.022085921,3.43984169,2.179650531,0.043700428,0.24589575,-4.212274472
637,TNFAIP3,1.035169834,6.853257823,2.178328155,0.043813772,0.246118642,-4.414596561
638,ERICH5,1.099194854,0.931853559,2.177532975,0.043882059,0.246205066,-3.826457394
639,RP11-299H22.3,1.232444531,0.393245807,2.176826228,0.043942834,0.246,-3.77
640,IGLC7,1.762378919,0.468634981,2.176158934,0.044000287,0.246308238,-3.778739813
641,CXCL6,2.61080343,1.211823995,2.175796641,0.044031509,0.246375284,-3.864027644
642,TNFAIP6,1.422120822,2.577817401,2.166973719,0.044798174,0.249,-4.08
643,ADAMTS18,1.124230769,1.348429236,2.163421371,0.045110304,0.249557289,-3.902160504
644,VAX1,1.91810766,-0.706259657,2.161202518,0.045306278,0.25,-3.72
645,SERPINI2,1.330361036,2.179837115,2.160139306,0.04540046,0.250025827,-4.024031011
646,BNIP3P37,1.101848861,-0.200933614,2.153286168,0.046011853,0.252081109,-3.759185727
647,LGALS9C,1.487757271,0.1393181,2.150859533,0.046230147,0.25274354,-3.788482845
648,AC008074.1,1.527713208,-0.468813236,2.148980059,0.046399872,0.252907109,-3.749040361
649,LSM12P1,1.732055431,1.260930641,2.140803592,0.047144915,0.254,-3.93
650,PI15,1.580722569,3.238345652,2.139804792,0.047236674,0.254220987,-4.242617672
651,GSTA1,1.838322128,3.089087977,2.137512019,0.047447928,0.254771684,-4.218215644
652,KCNN1,1.412998262,0.248936591,2.136853744,0.047508741,0.254861621,-3.819482446
653,FER1L6,1.446261173,1.489059598,2.136706985,0.047522309,0.255,-3.96
654,KLK13,1.576243321,0.287102006,2.133919309,0.047780699,0.255893408,-3.827459074
655,RPL3P4,3.058271779,3.525986964,2.132176849,0.04794286,0.256460671,-4.310530944
656,EBF2,1.009372169,1.788159294,2.131471729,0.048008625,0.256460671,-4.014966426
657,CTC-441N14.4,1.24452142,0.574279123,2.129520942,0.048191001,0.256460671,-3.862601925
658,MYOC,1.10338511,2.095021421,2.129069904,0.048233258,0.256460671,-4.063204315
659,WNT8B,1.096587116,-0.558320439,2.129034605,0.048236567,0.256460671,-3.773371955
660,BEGAIN,1.004562273,1.846278171,2.128544032,0.048282569,0.256460671,-4.027999139
661,PLIN1,1.333896188,0.783648866,2.127386536,0.04839127,0.257,-3.89
662,CTD-2192J16.17,1.630762193,1.599205017,2.124203823,0.048691315,0.258,-4
663,DLGAP3,1.14411879,1.511028788,2.121756785,0.048923161,0.258057442,-3.992231813
664,RP11-339B9.1,1.145533459,-0.243207651,2.121752817,0.048923538,0.258057442,-3.803505467
665,PRAMEF14,1.655828762,-0.034871172,2.11579512,0.049492236,0.259,-3.83
666,FAM43B,1.036104998,-0.33856143,2.115389091,0.049531212,0.259227735,-3.806560717
667,CXCL5,1.151363112,2.988585165,2.113530131,0.049710023,0.259889781,-4.24007695
668,POSTN,1.127293087,7.359636281,2.113493488,0.049713553,0.259889781,-4.491823783
669,GOLGA8IP,1.705965668,-0.538171074,2.111413557,0.049914331,0.26042746,-3.800188925
670,LRRN4,-1.127142325,4.814411728,-2.126953189,0.048432023,0.256645305,-4.508741436
671,WNT3A,-1.196009087,1.656553479,-2.128026895,0.048331106,0.257,-4
672,RNASE2,-1.146306321,0.604054701,-2.140626973,0.047161129,0.254220987,-3.848341352
673,CLEC3B,-1.06263124,5.062404719,-2.142772468,0.046964515,0.254220987,-4.499364387
674,PSAT1,-1.225025542,2.65342472,-2.153730345,0.045971998,0.25200669,-4.111578484
675,STUM,-1.389267112,5.480000711,-2.1679086,0.044716361,0.248,-4.47
676,SOX18,-1.141021499,2.636600046,-2.191226741,0.042719662,0.242,-4.04
677,POPDC3,-1.698762482,-0.861432881,-2.19164621,0.042684507,0.242,-3.67
678,NBPF26,-1.413838925,5.365508568,-2.19930645,0.042047187,0.241282813,-4.41415202
679,LILRA3,-1.621295084,0.992419274,-2.20616932,0.041483668,0.239525778,-3.787293008
680,ANKRD20A17P,-1.000929946,1.449410019,-2.23074184,0.039522657,0.233187155,-3.80433927
681,SFTPA2,-1.19057444,12.4803368,-2.27731162,0.036039476,0.223,-3.85
682,BTNL9,-1.283482504,4.860749718,-2.287510149,0.035315722,0.221,-4.23
683,CBSL,-1.825493381,1.865163874,-2.289569922,0.035171197,0.220825295,-3.759826367
684,C3ORF80,-1.436364862,-0.093024188,-2.290663568,0.035094684,0.220568076,-3.55545072
685,PDGFB,-1.053187485,4.238324787,-2.29503245,0.034790574,0.219695159,-4.144826747
686,KLRG2,-1.385486872,1.53896029,-2.303914234,0.034179873,0.217933207,-3.692750585
687,TMEM265,-1.276953787,2.539923154,-2.358999861,0.030609914,0.206,-3.74
688,HPGD,-1.105718613,5.702649798,-2.369280474,0.029983505,0.205,-4.11
689,STAC,-1.058852842,3.985678081,-2.370123378,0.029932682,0.204418644,-3.969923566
690,EFCC1,-1.151308711,3.453800523,-2.370932071,0.029883998,0.204268597,-3.875463322
691,GPR17,-1.484698364,1.836885988,-2.379158295,0.029392962,0.202,-3.6
692,LIMS2,-1.159524957,4.50140422,-2.382892391,0.029172572,0.202,-4.02
693,ODAM,-1.023123093,-0.11565834,-2.397365791,0.028332895,0.2,-3.39
694,LRRC32,-1.099790779,5.211498808,-2.402559934,0.028037125,0.198985557,-4.039502671
695,CX3CR1,-1.281182914,2.383590344,-2.410768431,0.027575612,0.197413579,-3.620557598
696,TMEM251,-1.02835812,2.439788141,-2.448583364,0.025540252,0.189536468,-3.561266517
697,IHH,-1.192744995,0.29341793,-2.453122747,0.025305662,0.188813709,-3.318361118
698,RGS9BP,-1.424999124,0.678232988,-2.459831477,0.02496268,0.187,-3.34
699,OLFML2A,-1.004996253,4.619380819,-2.477945498,0.024058377,0.184,-3.86
700,PEBP4,-1.538818941,4.794875453,-2.490435182,0.023452972,0.18101183,-3.848339914
701,MSLN,-1.030954142,5.901140873,-2.511362107,0.02247076,0.177486626,-3.846444661
702,CLIC5,-1.248738318,6.865846952,-2.511731366,0.022453783,0.177486626,-3.804796613
703,PTCRA,-1.256983177,-0.143963904,-2.520105487,0.022072029,0.175745464,-3.188315877
704,RASIP1,-1.050741226,4.459066294,-2.523777931,0.021906559,0.175252468,-3.751308581
705,PYURF,-1.088739149,4.130299214,-2.524856252,0.021858196,0.17516667,-3.705261046
706,MYL1,-1.046825303,1.213682208,-2.528297141,0.021704548,0.174753469,-3.267698524
707,RS1,-1.486909228,1.10202012,-2.530372567,0.021612368,0.174322292,-3.252805411
708,CSF2,-1.51509456,0.414512072,-2.538812956,0.021241301,0.172829815,-3.183371194
709,FASN,-1.118537667,8.229319698,-2.54591013,0.020933971,0.171224429,-3.646002357
710,SP5,-1.095213103,0.311361228,-2.552638143,0.020646527,0.170068913,-3.154312733
711,SFTPA1,-1.267014977,11.83762022,-2.553090855,0.020627321,0.170061204,-3.393333529
712,SFTPC,-1.781328077,12.05603244,-2.589834819,0.019123833,0.163757713,-3.313764755
713,RTKN2,-1.532259558,6.576960926,-2.600139192,0.018721292,0.161649149,-3.653692935
714,ITGA2B,-1.120948348,2.296320097,-2.605943223,0.018498124,0.160570112,-3.254789826
715,TMEM238,-1.094430665,0.939359746,-2.612174969,0.018261333,0.159452615,-3.09545525
716,ARHGEF15,-1.133826844,3.999440694,-2.623780902,0.017828019,0.158060848,-3.497762241
717,BP-2189O9.2,-1.265914954,3.270771294,-2.626962496,0.017710957,0.157528508,-3.368517954
718,CAPN9,-1.115830966,3.275631925,-2.627432638,0.017693721,0.157450432,-3.368471076
719,CA4,-1.678444781,2.846720199,-2.652853705,0.016785234,0.153883726,-3.248734603
720,IGFALS,-1.000258737,1.115026339,-2.656922642,0.016644023,0.153883726,-3.031823086
721,CCM2L,-1.126880537,2.668024849,-2.669453677,0.016216241,0.151243257,-3.189894635
722,E2F1,-1.027802784,2.442705506,-2.680108881,0.015860791,0.14988558,-3.137437479
723,SCD,-1.300174203,8.46087032,-2.707226938,0.014989503,0.146,-3.32
724,NES,-1.104166667,6.066978161,-2.725929407,0.014415551,0.143153017,-3.430136141
725,ACOT1,-1.027354878,2.365066036,-2.741567612,0.013951893,0.140774222,-3.012059194
726,NAPSA,-1.298100981,8.947240906,-2.751893333,0.013653638,0.139,-3.2
727,ANKRD30BL,-1.157733828,8.987451656,-2.755195609,0.013559553,0.138466618,-3.191497745
728,DPCR1,-1.198865283,2.938424704,-2.770503513,0.013131507,0.136394043,-3.040316208
729,NPNT,-1.0256646,7.285327755,-2.778163797,0.01292222,0.135374249,-3.263457267
730,TDRD9,-1.033271149,2.165899913,-2.778425278,0.012915133,0.135,-2.92
731,SLCO4C1,-1.457843351,4.892103761,-2.794841165,0.012477632,0.133239988,-3.268883504
732,DHCR7,-1.242498132,4.619240537,-2.795077342,0.012471443,0.133239988,-3.245074124
733,SQLE,-1.207553597,5.605401832,-2.802202878,0.012286107,0.132393124,-3.283583975
734,GALNT13,-1.097868913,2.19951324,-2.806067446,0.012186703,0.13196363,-2.870322963
735,ZACN,-1.427617538,0.948096071,-2.815706678,0.011942134,0.130219736,-2.7360878
736,AQP4,-1.377723537,7.602104983,-2.819462492,0.011848129,0.129811444,-3.161018113
737,KIAA1324L,-1.05982982,5.872109961,-2.821576939,0.011795521,0.129701962,-3.245155688
738,ZBED2,-1.162771284,2.669833529,-2.849443793,0.01112292,0.126,-2.85
739,GJA5,-1.356163673,5.596666411,-2.853248717,0.011034011,0.125479019,-3.182280337
740,CDH5,-1.233876974,6.565252977,-2.870051824,0.010649531,0.122908657,-3.126359577
741,KIAA1462,-1.138374287,6.756726069,-2.902542634,0.009942553,0.119029306,-3.051077686
742,SLC7A11,-1.409860624,4.297955019,-2.902946471,0.009934059,0.119,-3
743,VIP,-1.198147183,-0.027992065,-2.903052522,0.009931829,0.119023296,-2.553868537
744,ABCA3,-1.311947233,8.715531467,-2.906134375,0.009867251,0.118653171,-2.915053326
745,HSPA12B,-1.356948478,3.90874757,-2.909690552,0.009793239,0.118,-2.93
746,C1QTNF5,-1.122361963,3.703992135,-2.92166858,0.009547893,0.116476785,-2.871269173
747,PLA1A,-1.023251304,3.113953756,-2.926719669,0.009446229,0.115,-2.77
748,SLC27A3,-1.061145217,4.791631517,-2.926981812,0.009440982,0.115463558,-2.998676732
749,CHRM1,-1.452367883,0.821557137,-2.940787621,0.009168591,0.114,-2.5
750,CACNA2D2,-1.231993607,6.476997303,-2.942177751,0.009141591,0.113521705,-2.986525183
751,NCKAP5,-1.599868787,5.379344051,-2.95583688,0.008880366,0.112,-2.97
752,NOTCH4,-1.175887271,5.686780934,-2.964879671,0.008711435,0.111378985,-2.959509465
753,ROBO4,-1.480391475,5.332643895,-2.972081697,0.008579132,0.11,-2.94
754,FADS2,-1.212908048,5.413169085,-2.996329741,0.008147912,0.106821868,-2.892016215
755,SGCG,-1.224197785,1.2136708,-3.009029188,0.007930568,0.106,-2.4
756,ERICH2,-1.06342761,1.340999102,-3.010536315,0.007905153,0.105652416,-2.407146823
757,SHISA3,-1.432281556,1.454549252,-3.02111966,0.007728905,0.105,-2.4
758,PLA2G1B,-1.92502343,1.986069574,-3.021332531,0.0077254,0.105,-2.44
759,TIE1,-1.053492663,5.491066388,-3.025318004,0.007660055,0.104,-2.84
760,ESM1,-1.738235047,1.986257885,-3.032529258,0.00754319,0.104,-2.42
761,MFSD2A,-1.127283961,6.259130897,-3.033808441,0.007522642,0.104,-2.81
762,CPB2,-1.718689198,3.015632363,-3.038894758,0.007441479,0.103,-2.53
763,KHDRBS2,-1.402198827,3.404112167,-3.047717969,0.007302708,0.102139147,-2.573269066
764,SEMA3G,-1.651724227,4.531777748,-3.063189611,0.007065447,0.100481566,-2.700663725
765,FOXF1,-1.195693387,3.952918051,-3.073513062,0.006911343,0.0996,-2.61
766,SHISA2,-1.340363939,3.872835479,-3.080545646,0.006808251,0.098926653,-2.580545005
767,NUDT8,-1.091661517,0.967684296,-3.086001666,0.006729307,0.098253161,-2.247341814
768,HKDC1,-1.336421542,3.470616344,-3.135634946,0.00605111,0.0924,-2.41
769,SLC29A2,-1.081741178,3.401532214,-3.136556923,0.006039168,0.092443371,-2.395565544
770,LAMP3,-1.420954862,7.248553717,-3.138519922,0.006013818,0.0924,-2.54
771,PRSS21,-1.304634979,0.852678911,-3.142364626,0.005964472,0.092374882,-2.140472713
772,SUSD2,-1.261546294,7.366328455,-3.143417023,0.005951034,0.092348437,-2.527073943
773,SSTR1,-1.606768277,1.762988203,-3.160099295,0.005741942,0.090433152,-2.155911191
774,B3GNT8,-1.041318788,3.194712633,-3.162005803,0.00571851,0.090216762,-2.313284378
775,SCEL,-1.375444708,6.516719579,-3.173311294,0.005581477,0.088752866,-2.51593358
776,CLDN5,-1.643979012,5.478651601,-3.201083677,0.005258394,0.08601957,-2.47632657
777,EPAS1,-1.172758506,9.411914999,-3.202968999,0.005237141,0.085929766,-2.276198583
778,ANKRD29,-1.259074889,4.716962172,-3.208232718,0.005178248,0.0855,-2.42
779,GRIA1,-1.17859664,3.968346443,-3.208400057,0.005176386,0.085458859,-2.335738443
780,GPR146,-1.080921607,3.200868658,-3.212915735,0.0051264,0.085208088,-2.212357784
781,BCL6B,-1.227419758,4.243166076,-3.220897824,0.0050392,0.0844,-2.35
782,SLC1A1,-1.052005985,5.233541299,-3.230461818,0.00493664,0.083437608,-2.408611417
783,PCDH12,-1.295802498,4.924493432,-3.23230947,0.004917065,0.083214613,-2.388636281
784,CD36,-1.088536783,6.507300276,-3.238435929,0.004852701,0.0827,-2.38
785,AFAP1L1,-1.04612336,5.170777757,-3.247340757,0.004760626,0.081983176,-2.371174966
786,IFI27,-1.05132507,6.031535114,-3.2560097,0.004672643,0.0809,-2.36
787,EBP,-1.266800454,4.217151044,-3.258215442,0.004650513,0.0807,-2.27
788,VIPR1,-1.909009638,5.327786228,-3.267540013,0.004558098,0.0799,-2.34
789,GOLT1A,-1.125884846,1.847963107,-3.271360881,0.004520754,0.079469651,-1.948637445
790,CLDN18,-2.085303684,7.064826329,-3.274095157,0.004494216,0.07920931,-2.278551816
791,CASKIN2,-1.119957512,5.131005501,-3.277636196,0.004460075,0.078999772,-2.306897121
792,PRX,-1.866837517,4.747202936,-3.283523406,0.004403879,0.078882667,-2.270401227
793,DLL4,-1.468143854,4.249721734,-3.283633201,0.004402838,0.078882667,-2.219332678
794,N4BP3,-1.1801603,3.112209654,-3.294097583,0.004304693,0.078094757,-2.036798503
795,NPR1,-1.271595273,5.298602289,-3.29933234,0.004256409,0.077836264,-2.268976834
796,ZNF385B,-1.222778455,4.479645262,-3.307146457,0.004185327,0.076917348,-2.197023466
797,MSMO1,-1.680985324,5.943456987,-3.309132345,0.00416745,0.076917348,-2.254568724
798,SLC9A3R2,-1.05172986,5.483907434,-3.311269436,0.004148296,0.076840473,-2.249289506
799,RAMP2,-1.430891941,3.570241061,-3.31619737,0.004104459,0.076566588,-2.058513643
800,CACNG4,-1.129231589,2.803807872,-3.323022175,0.004044502,0.0761,-1.94
801,GPIHBP1,-1.831075096,2.679807468,-3.3267686,0.004011958,0.075823964,-1.916387723
802,MGAT3,-1.569442424,4.047327604,-3.331234925,0.003973498,0.07548024,-2.09576161
803,CCDC68,-1.013482154,4.54632448,-3.334817397,0.003942912,0.0753,-2.15
804,CHI3L2,-1.553907788,4.921870367,-3.351804056,0.003801026,0.074,-2.14
805,ACOXL,-1.197453951,4.838891386,-3.358523686,0.003746302,0.0734,-2.12
806,SH2D3C,-1.176867294,4.673927528,-3.36613096,0.003685289,0.07282945,-2.093786324
807,SEMA5A,-1.091157189,6.543944125,-3.368227862,0.003668645,0.0726,-2.11
808,SP6,-1.039243268,1.419115823,-3.369673105,0.003657216,0.072582878,-1.736123886
809,AGPAT2,-1.012888777,5.433562771,-3.370623239,0.003649722,0.072582878,-2.12526258
810,ESYT3,-1.096388242,5.824538909,-3.381387058,0.003565877,0.071687228,-2.106048484
811,BMP2,-1.112330331,5.075981827,-3.392241966,0.003483254,0.070741263,-2.067076189
812,PHGDH,-1.106774172,4.300534583,-3.393949444,0.003470431,0.070741263,-1.998353816
813,ALPP,-1.403820501,2.324940034,-3.411636281,0.003340324,0.069151003,-1.712416166
814,CDKL2,-1.152449708,3.735480996,-3.412197208,0.003336278,0.069151003,-1.886549257
815,TUBB1,-1.510913908,1.633024316,-3.41290012,0.003331214,0.069151003,-1.663264388
816,COL4A3,-1.702630662,6.204806845,-3.423086402,0.003258685,0.068314945,-2.012285939
817,CEBPA,-1.485042202,4.843358122,-3.433702254,0.003184761,0.067757166,-1.966904899
818,SFTPD,-1.648103911,7.813785418,-3.435590115,0.003171791,0.067635802,-1.899970232
819,FAM69B,-1.40410474,3.180030332,-3.435673481,0.003171219,0.0676,-1.76
820,PDZD2,-1.010509563,6.668688213,-3.467278835,0.002961729,0.065095087,-1.90123673
821,STC2,-1.147254439,2.910129999,-3.474563604,0.002915425,0.064381433,-1.647608281
822,HSPB2,-1.190748441,0.869203422,-3.49554045,0.002786068,0.0631,-1.49
823,TMEM100,-2.104138934,5.12256684,-3.507759371,0.002713363,0.062360458,-1.82894078
824,FAM83A,-2.22945661,9.948378329,-3.508597593,0.002708445,0.0624,-1.63
825,ADRB1,-1.122957061,3.179492234,-3.5337241,0.002565071,0.060760573,-1.561433999
826,GKN2,-1.840462209,3.809818643,-3.543381471,0.002511996,0.060262019,-1.62719968
827,MVK,-1.010564254,4.185508583,-3.547728774,0.002488463,0.0599,-1.67
828,FAM105A,-1.017624201,5.591548569,-3.560621307,0.002419952,0.059,-1.73
829,THSD1,-1.149439932,3.950705221,-3.562315183,0.002411092,0.058981455,-1.606878233
830,PEG10,-1.756676352,6.699380536,-3.565636908,0.00239381,0.059,-1.69
831,RP11-529A4.4,-1.198808483,1.318862731,-3.575970926,0.00234083,0.058335871,-1.341411798
832,COX4I2,-1.371777616,2.036299479,-3.57879826,0.00232654,0.0583,-1.36
833,EGFL7,-1.468282519,5.94740388,-3.582004939,0.002310437,0.058,-1.69
834,SAMD5,-1.094324578,4.581353374,-3.582581005,0.002307556,0.058044668,-1.636061385
835,NRGN,-1.193465664,2.815949165,-3.593976262,0.002251297,0.057333504,-1.396480499
836,NDRG4,-1.20887418,3.952988623,-3.612623195,0.00216217,0.056059829,-1.503079572
837,TSPAN12,-1.189082533,4.744840575,-3.61394096,0.002156006,0.056056162,-1.584197694
838,SERTM1,-1.557957574,1.763164953,-3.618183061,0.002136283,0.055732003,-1.272670869
839,HECW2,-1.366460308,5.893112648,-3.621389538,0.002121494,0.0556,-1.6
840,KANK3,-1.301459562,4.379263546,-3.625163655,0.002104218,0.055397814,-1.527502735
841,MME,-1.327793134,5.926895712,-3.635222621,0.002058855,0.0546,-1.58
842,CH507-9B2.3,-1.246569948,4.936237193,-3.648195385,0.002001789,0.0542,-1.53
843,RNF128,-1.325138595,3.839450775,-3.662605773,0.001940249,0.053495157,-1.384909678
844,FAM46B,-1.240475822,3.82334399,-3.669574421,0.001911171,0.053033726,-1.368378857
845,DKK2,-1.505279789,3.521856539,-3.672159095,0.001900497,0.052963541,-1.323309523
846,EXOC3L1,-1.227681334,2.58578713,-3.682543535,0.001858208,0.052492255,-1.19641769
847,INSIG1,-1.285912485,6.262372857,-3.690279709,0.001827316,0.052218268,-1.452047201
848,RSPO2,-1.04320969,2.572059838,-3.696401189,0.001803236,0.051964455,-1.167511072
849,ORM1,-1.260755814,1.686658296,-3.699829778,0.001789888,0.0517,-1.11
850,LAMA3,-1.216429418,7.455521985,-3.703909162,0.001774134,0.051364365,-1.363519005
851,DOK4,-1.102497272,4.820764524,-3.731074189,0.00167271,0.049743074,-1.344478338
852,FREM2,-1.14376924,6.058654138,-3.736818015,0.001652019,0.049365001,-1.359658388
853,RAB11FIP1,-1.097146928,8.481257531,-3.740980005,0.001637186,0.0493,-1.23
854,PCYT2,-1.122286578,4.94463243,-3.753314937,0.001594005,0.048727329,-1.305659338
855,FADS1,-1.400767655,6.060975339,-3.758624865,0.001575769,0.048406788,-1.313783356
856,WFS1,-1.114859347,6.010849612,-3.760871904,0.001568115,0.048331172,-1.30999134
857,HOPX,-1.195311743,7.170854443,-3.768684343,0.001541793,0.0478,-1.24
858,CHRM3,-1.103028723,2.720498536,-3.774415092,0.001522766,0.0474,-1.02
859,RGCC,-1.273731191,6.851770618,-3.7746984,0.001521831,0.047404358,-1.2491832
860,PFKFB2,-1.057267878,6.081357087,-3.825254408,0.001363947,0.044624323,-1.173243884
861,MYRF,-1.762976901,4.980566727,-3.830354282,0.001348962,0.04444651,-1.145905286
862,FHDC1,-1.240109424,5.553023272,-3.83120904,0.001346467,0.044442952,-1.163425477
863,EMP2,-1.347566016,8.679153585,-3.840550268,0.001319496,0.044,-1.01
864,ADGRL2,-1.133809885,6.9421794,-3.841410715,0.00131704,0.044,-1.1
865,NDST1,-1.022617893,7.354298196,-3.845818552,0.001304525,0.043915089,-1.072627573
866,SPOCK2,-2.171016333,7.282719573,-3.853008772,0.001284367,0.043521422,-1.06154539
867,CLIC3,-1.849440317,3.453679636,-3.869580978,0.001239089,0.0429,-0.909
868,MRPL14,-1.055628188,4.878597327,-3.88056742,0.00120996,0.0424,-1.03
869,CLEC14A,-1.662305966,4.830537152,-3.889288212,0.001187328,0.042146832,-1.013164838
870,RIMKLA,-1.18249286,3.806572738,-3.889493416,0.0011868,0.042146832,-0.910665373
871,KL,-1.476039487,3.422958251,-3.895748181,0.001170837,0.042102276,-0.851062428
872,SH3GL2,-1.218621466,0.990642878,-3.906119683,0.001144842,0.0418,-0.726
873,CNTN6,-1.431083228,3.142873842,-3.924152257,0.001101018,0.040667771,-0.761371221
874,SMAD7,-1.022517852,5.0782591,-3.929181926,0.001089099,0.040387765,-0.943128586
875,PRTG,-1.403900026,4.340600591,-3.929886589,0.001087439,0.040387765,-0.887126128
876,VEGFD,-1.971675984,3.628708026,-3.93059011,0.001085785,0.040387765,-0.803952915
877,CALCRL,-1.409383699,6.94621184,-3.94423514,0.001054194,0.040038349,-0.888564307
878,CBS,-1.723353369,3.700897736,-3.947169129,0.001047523,0.039960417,-0.778424861
879,CYP51A1,-1.38320774,6.983190138,-3.949156161,0.001043029,0.039870692,-0.876286334
880,COL4A4,-1.4222117,6.062340302,-3.969844272,0.000997378,0.038843501,-0.869267984
881,SCN1A,-1.46647214,5.043384435,-3.971950098,0.000992846,0.038749431,-0.851517542
882,PRSS8,-1.001860457,5.511552438,-3.975010386,0.000986296,0.03873604,-0.860041237
883,PLA2G3,-1.770371455,2.459038419,-3.975277259,0.000985727,0.03873604,-0.602304125
884,GIMAP6,-1.10652137,5.513695151,-3.977290607,0.000981444,0.03873604,-0.85527428
885,LDHD,-1.003251819,2.782066153,-4.015429261,0.000903761,0.036670926,-0.543298652
886,TMEM97,-1.708991692,4.514213005,-4.029071814,0.000877503,0.036060913,-0.6958278
887,RAPGEF4,-1.12732044,4.523297719,-4.035679917,0.000865062,0.036026833,-0.682784665
888,CDC25B,-1.018924277,5.720612735,-4.041943654,0.000853434,0.035702292,-0.720769565
889,ACSS2,-1.362843326,6.344481026,-4.045631939,0.00084666,0.0356,-0.702
890,HPN,-1.177710088,3.689066173,-4.069447883,0.00080421,0.034375744,-0.524148934
891,LILRA1,-1.260628354,2.422253127,-4.076625382,0.000791842,0.034201708,-0.398748533
892,PTPRB,-1.636355838,7.447130423,-4.078561601,0.000788539,0.034138237,-0.580649312
893,ACADL,-1.191070048,4.452669454,-4.089465732,0.000770194,0.033578287,-0.563919678
894,CAV1,-1.377943943,8.240884982,-4.092374227,0.000765374,0.033468981,-0.511507926
895,RAB17,-1.085397122,4.540523423,-4.103142036,0.000747792,0.03305411,-0.542943315
896,SDR16C5,-1.480829076,5.295258678,-4.109881379,0.000736997,0.032744457,-0.571153211
897,GCOM1,-1.599322646,4.146780719,-4.112247225,0.000733244,0.0327,-0.486
898,AGER,-3.193471084,7.438351951,-4.112904257,0.000732205,0.032655675,-0.509296422
899,FAM167A,-1.468783736,4.138899615,-4.12414509,0.000714663,0.032213499,-0.460756111
900,B3GALNT1,-1.06930257,3.990656196,-4.129893621,0.000705857,0.03204936,-0.432871811
901,GPRIN2,-1.797872225,4.193689617,-4.134673133,0.000698619,0.031798263,-0.44454836
902,NPR3,-1.557584643,5.255481229,-4.157148508,0.000665574,0.030898554,-0.47053766
903,RNF182,-1.096505881,2.12322929,-4.175359985,0.000639959,0.030160711,-0.194669518
904,RAMP3,-1.999487259,4.638831041,-4.180381691,0.000633073,0.030064512,-0.388896699
905,PTPN21,-1.160313501,5.697878503,-4.195015551,0.00061343,0.0294,-0.399
906,SELENBP1,-1.027840694,6.978253135,-4.195097706,0.000613322,0.02940236,-0.360789779
907,HSD17B6,-1.803360531,3.82662927,-4.205235593,0.000600079,0.02909132,-0.258679543
908,SMAD6,-2.125996339,5.463784765,-4.210181483,0.000593723,0.028933913,-0.364216522
909,CRTAC1,-1.913620408,4.378436451,-4.237205066,0.000560182,0.028033184,-0.248507162
910,RHOBTB2,-1.193334477,7.24158529,-4.265509079,0.000527104,0.026957619,-0.200338898
911,SFTA2,-1.679814371,4.569625667,-4.271194727,0.000520702,0.026851496,-0.193642341
912,RAPGEF5,-1.195414647,6.986307099,-4.271920233,0.000519891,0.026851496,-0.199567175
913,ACVRL1,-1.473982923,6.630107415,-4.273528196,0.000518097,0.026851496,-0.212575846
914,SLC6A4,-2.679803267,4.931403271,-4.274006007,0.000517566,0.026851496,-0.211365703
915,C1ORF115,-1.083325963,4.484250612,-4.27644589,0.000514859,0.026851496,-0.175740161
916,KIAA0408,-1.469539752,4.515178654,-4.288638776,0.000501547,0.026676564,-0.152849938
917,ACAT2,-1.812521301,4.577204791,-4.29358313,0.000496249,0.026676564,-0.147441178
918,PRKCZ,-1.078784879,5.553121059,-4.31187833,0.000477132,0.02610917,-0.151912596
919,ARRB1,-1.158822212,5.9957658,-4.315168355,0.000473774,0.02609402,-0.143989485
920,ST13P2,-2.157649148,0.201861266,-4.320973074,0.000467908,0.02600173,-0.071919123
921,PCSK9,-2.209078469,4.138824636,-4.328386235,0.000460524,0.025900642,-0.035932697
922,ARHGEF26,-1.306448483,6.025404772,-4.337734288,0.00045138,0.02562437,-0.09618848
923,VEPH1,-2.027390878,5.925166814,-4.343300029,0.000446024,0.025616662,-0.08591209
924,TSPAN7,-1.154484729,4.41864325,-4.348468159,0.000441108,0.025502077,-0.020028877
925,AATK,-1.36998003,4.515897977,-4.352512827,0.000437299,0.025360629,-0.019613659
926,ST6GALNAC5,-1.325640377,4.07817904,-4.358680338,0.000431555,0.025263626,0.032852577
927,ITLN2,-3.16242277,1.918110109,-4.358868122,0.000431382,0.025263626,0.162222606
928,UNC13D,-1.151861423,6.028486736,-4.365979706,0.000424856,0.025135163,-0.036904057
929,DLC1,-1.19954019,8.182137249,-4.381656827,0.000410822,0.025135163,0.085914286
930,GALNT18,-1.1706853,5.481090684,-4.382389486,0.000410178,0.025135163,-0.002968014
931,ADCY8,-1.519071641,2.049107898,-4.415422097,0.000382173,0.024202384,0.273084596
932,CCDC85A,-1.756695753,3.818501459,-4.430624945,0.000369945,0.023747889,0.207361358
933,CAV2,-1.098231121,7.162445256,-4.444266603,0.00035931,0.023630682,0.168610008
934,SOGA3,-2.910042297,1.729104892,-4.44835288,0.000356186,0.023630682,0.328618417
935,C1ORF198,-1.528103393,6.678942083,-4.449215371,0.00035553,0.023630682,0.157000751
936,HMGCR,-1.293587738,6.015098907,-4.466414241,0.000342702,0.023454946,0.173203292
937,STXBP6,-1.359969767,4.462317276,-4.47826313,0.00033414,0.023210236,0.246432526
938,ENSAP1,-1.678786081,0.453388163,-4.48286364,0.000330874,0.023132729,0.253161327
939,EDNRB,-1.114837667,6.200455895,-4.505099518,0.000315541,0.022335056,0.257707066
940,HHIP,-2.115439081,6.330556968,-4.519537425,0.000305975,0.021962598,0.29132434
941,USP44,-1.251376125,3.232551303,-4.527123306,0.000301067,0.021808038,0.456355077
942,ID1,-1.146038997,6.855217835,-4.531970272,0.000297973,0.021753227,0.336999448
943,LDLR,-1.056651036,7.833804154,-4.536149856,0.000295332,0.021645251,0.38986761
944,ID3,-1.421195689,5.687777275,-4.555360257,0.000283493,0.021025889,0.356838069
945,S100A4,-1.24099066,6.862376883,-4.560922338,0.000280156,0.020888426,0.397509883
946,FOXA2,-1.005362536,4.311143552,-4.561726985,0.000279676,0.020888426,0.431862397
947,FDPS,-1.27105408,6.16157349,-4.597692273,0.00025908,0.019847882,0.449922233
948,PAPSS2,-1.105643635,6.939079272,-4.610128511,0.000252323,0.019653773,0.503012146
949,WWC2,-1.34477071,6.721911345,-4.612439117,0.000251088,0.019653773,0.498596701
950,AMOTL2,-1.093081356,6.78660239,-4.654304061,0.00022974,0.018514489,0.588087406
951,MS4A15,-2.234466287,3.97038281,-4.661672631,0.000226179,0.018386676,0.667504522
952,ZBTB42,-1.016149377,3.3025399,-4.662393675,0.000225834,0.018386676,0.724094223
953,HMGCS1,-1.765692348,6.303972167,-4.669867169,0.000222285,0.018386676,0.603479123
954,PKDCC,-1.50587363,4.488987684,-4.687717604,0.000214036,0.018111337,0.678075503
955,MYZAP,-2.66861299,4.108265575,-4.695610324,0.000210489,0.018111337,0.724965389
956,EPB41L5,-1.075525575,6.13779431,-4.708110453,0.000204994,0.017832542,0.678917079
957,RP3-403A15.5,-1.379996512,4.291094039,-4.726050729,0.000197362,0.017412718,0.772219572
958,TNNC1,-2.141847155,4.231898708,-4.730634239,0.000195459,0.017409844,0.786388978
959,ESAM,-1.80478792,5.143824264,-4.732463016,0.000194705,0.017409844,0.73538687
960,MID1IP1,-1.16551101,5.897766585,-4.736801951,0.000192927,0.017409844,0.734913475
961,FZD8,-1.175472974,3.623470009,-4.744275015,0.000189905,0.01740824,0.865397953
962,WNT7A,-1.490282091,2.73117146,-4.749184286,0.000187946,0.01740824,0.921862444
963,RASSF7,-1.060466942,4.873811185,-4.756329767,0.000185132,0.017318657,0.796049483
964,RAB32,-1.274679416,3.967019205,-4.764144021,0.000182103,0.017296073,0.877212254
965,HYAL1,-1.622383429,4.391155086,-4.776378559,0.000177462,0.017296073,0.86778023
966,TEK,-1.619406927,5.606941238,-4.783746079,0.000174726,0.017296073,0.831873875
967,HPCAL1,-1.256477546,5.648484972,-4.787269037,0.000173433,0.017296073,0.838928613
968,TMEM139,-1.369594126,2.863437269,-4.84952334,0.000152129,0.016465291,1.116249707
969,MVD,-1.560905107,4.849295779,-4.874627641,0.000144313,0.015991234,1.040965635
970,SHE,-1.091074873,5.510364608,-4.901738863,0.000136332,0.015475349,1.076353493
971,LSS,-1.476866448,6.515700938,-4.920633656,0.000131038,0.015058069,1.127587222
972,ADRB2,-1.041487181,5.108170937,-4.938334134,0.00012627,0.014693327,1.161017933
973,IRX1,-1.360097432,2.175968077,-4.972978323,0.000117444,0.014105439,1.343929412
974,TMEM160,-1.086246827,2.464718085,-5.011975493,0.000108262,0.013436036,1.429446532
975,TRIB3,-1.870689014,3.92408274,-5.013018062,0.000108027,0.013436036,1.384909951
976,C19ORF54,-1.009929195,3.461170091,-5.018724854,0.000106749,0.013436036,1.427059945
977,KCNG3,-1.75983287,0.936093862,-5.018995242,0.000106689,0.013436036,1.278408931
978,JPH1,-1.046782549,3.442709118,-5.038143508,0.000102516,0.013340376,1.466614643
979,MACROD2,-1.569887791,5.421859134,-5.040884836,0.000101932,0.013340376,1.363098619
980,ECHDC3,-1.038840056,3.610264226,-5.049131672,0.000100197,0.013228851,1.478785292
981,CA2,-1.982327879,4.176880503,-5.066789664,9.66E-05,0.012842747,1.474911699
982,SLC39A8,-1.898694557,7.87280426,-5.10322143,8.95E-05,0.012256745,1.549009742
983,MAP2,-1.10714468,5.400496028,-5.113468986,8.77E-05,0.012177958,1.511584301
984,FCN3,-2.894033777,5.486393249,-5.156209436,8.02E-05,0.011401093,1.597281992
985,SLC3A2,-1.095806338,6.460280983,-5.196868896,7.38E-05,0.010985047,1.689245501
986,STARD4,-1.295923438,5.223482539,-5.227563966,6.92E-05,0.010564453,1.747012424
987,ECEL1P2,-1.972356581,2.002354801,-5.269952054,6.34E-05,0.010064933,1.883922446
988,ABC7-42404400C24.1,-1.824365105,4.495330174,-5.358653863,5.29E-05,0.009377513,2.040528703
989,C6ORF223,-2.323953757,3.34718917,-5.406852731,4.79E-05,0.008663036,2.192316575
990,TMEM125,-1.446875906,5.69899775,-5.443730442,4.45E-05,0.008327506,2.175644246
991,NECAB1,-1.544202428,3.823916209,-5.471348168,4.20E-05,0.008150736,2.300463672
992,SYDE2,-1.166875276,5.028768186,-5.496570569,3.99E-05,0.007993534,2.292285175
993,RP5-862P8.2,-1.191884587,3.931400918,-5.510229427,3.88E-05,0.007993534,2.371180097
994,MATN3,-1.784330688,2.380838384,-5.597148757,3.26E-05,0.007488023,2.517172284
995,ANXA3,-1.447547907,6.14044897,-5.615699236,3.14E-05,0.007488023,2.520888149
996,RIMS4,-1.746611348,2.022957381,-5.621910603,3.10E-05,0.007488023,2.522259226
997,CTNNBIP1,-1.352818773,4.824458745,-5.623320886,3.09E-05,0.007488023,2.550159443
998,NEBL,-1.004636317,7.111470713,-5.625541453,3.08E-05,0.007488023,2.564286068
999,P3H2,-1.650160258,5.425147903,-5.644363014,2.96E-05,0.007452936,2.576412162
1000,GGTLC1,-2.796892438,2.697367924,-5.655117743,2.90E-05,0.007452936,2.648257231
1001,VSIG10,-1.419129468,5.052772468,-5.801551642,2.16E-05,0.006101412,2.892263264
1002,C12ORF49,-1.194772533,6.69886256,-5.900882071,1.78E-05,0.00542064,3.08994389
1003,AJUBA,-1.336184362,4.871156758,-6.154708185,1.08E-05,0.004568504,3.576471934
1004,TSPAN13,-1.411650997,6.063170361,-6.216950506,9.57E-06,0.004345197,3.684722797
1005,ANKRD1,-3.846494002,4.308699977,-6.341123292,7.53E-06,0.003786916,3.941236027
1006,RXFP1,-2.00247247,2.263567672,-6.773904564,3.33E-06,0.002293006,4.525664205
1007,FZD5,-1.505717112,5.642906244,-7.005710351,2.17E-06,0.001804418,5.134257795
1008,P2RY1,-1.481138358,4.680107784,-7.597178491,7.53E-07,0.001078548,6.159818872
